"","M_HCV_unfiltered.logFC","M_HCV_unfiltered.gene_name","M_HCV_unfiltered.adj.P.Val","F_HCV_unfiltered.logFC","F_HCV_unfiltered.gene_name","F_HCV_unfiltered.adj.P.Val","residuals"
"1",-2.72766610242543,"ADAMTS13",1.27298234028006e-66,-2.38950626508282,"ADAMTS13",3.24575691036226e-32,-0.246232866714177
"2",-3.33429573421148,"ECM1",4.29272153261356e-64,-2.66244668000159,"ECM1",2.08115847107029e-28,-0.572263328791504
"3",6.47133221191019,"HOTTIP",5.50740026625062e-62,4.94458013041389,"HOTTIP",3.60309566625744e-24,1.41288333173748
"4",-6.82533941409623,"CLEC4G",4.66277384094054e-59,-5.9091199546206,"CLEC4G",4.94235590238438e-26,-0.72553152590471
"5",-5.25030603987653,"FCN3",2.11177137857233e-58,-4.68361597822649,"FCN3",3.13211539376955e-26,-0.410389979552245
"6",-3.44893364543761,"PLAC8",2.90758851730389e-56,-2.51627589557003,"PLAC8",1.79645715406607e-19,-0.837173601695543
"7",-2.79460265212247,"ANGPTL6",6.22360332231984e-55,-2.34915107409765,"ANGPTL6",1.29987526273879e-23,-0.354656980967235
"8",-5.65744247127835,"CXCL14",7.63406126284187e-55,-4.86879042024257,"CXCL14",2.37603743559616e-25,-0.627155942379666
"9",-7.26093950549649,"CHST4",7.63406126284187e-55,-5.52977553850771,"CHST4",6.64137631030505e-23,-1.55112050270537
"10",7.39242811428817,"HOXA13",9.42673614701953e-55,6.07966284649837,"HOXA13",1.28145236547414e-23,1.16704590260885
"11",-7.14089951102316,"GDF2",5.08367231052956e-54,-6.12098846412901,"GDF2",1.22342758271358e-23,-0.82327804665911
"12",-3.15707272747704,"IGFBP3",2.2795729049485e-53,-2.46864335079283,"IGFBP3",4.43405514860186e-21,-0.594281805876781
"13",-3.49310722971861,"PTH1R",6.14404232901357e-53,-3.00117213350982,"PTH1R",1.91568421493035e-24,-0.382844676550623
"14",-3.18157350949439,"CFP",2.72260387624915e-52,-2.60980183735264,"CFP",1.03729390430913e-20,-0.473663170024842
"15",-6.6819236932507,"CLEC1B",3.09308496712369e-52,-5.93985902460689,"CLEC1B",9.04677407448671e-23,-0.550514191504308
"16",-3.54391632110802,"CXCL12",6.9839555842927e-52,-2.85737460172091,"CXCL12",3.79904077684129e-22,-0.581486283099547
"17",-7.71828106088485,"SFRP5",8.80048737738141e-52,-6.10379477446877,"SFRP5",6.704848062608e-23,-1.41833574405772
"18",-4.22533355036752,"AC004540.2",4.07404921522695e-51,-3.76721318109975,"AC004540.2",2.68971241751322e-22,-0.32753470661223
"19",-6.94731942466546,"RAB25",1.84205263368667e-50,-5.73046868028218,"RAB25",1.40860389252371e-22,-1.0311757961684
"20",-5.15060973120902,"PKP3",2.240740951723e-49,-3.31139592107939,"PKP3",2.38771976118999e-14,-1.72141845785936
"21",-6.82205538852855,"CLEC4M",5.64416234917046e-49,-6.40745688439353,"CLEC4M",1.04323850900193e-22,-0.209927150963109
"22",-5.92404550646894,"FCN2",6.33661876003494e-49,-5.71457840363023,"FCN2",5.90874282460373e-23,-0.0242380385082575
"23",-3.35519352108179,"LY6E",9.33229508809906e-49,-2.29751262672739,"LY6E",1.38007993408262e-15,-0.968335280974286
"24",-3.66742694444905,"NPY1R",1.25789532919114e-48,-2.99567489876056,"NPY1R",3.04632711780247e-19,-0.562815879378915
"25",-5.07804106606149,"CRHBP",1.87906522187916e-48,-4.06432753396137,"CRHBP",2.94625193012835e-18,-0.874790789815674
"26",-3.2402793465408,"LIFR",2.38736977695099e-48,-2.67286174306241,"LIFR",1.54354424887091e-20,-0.46753962960682
"27",-3.59756723080123,"VIPR1",7.98047594343193e-48,-3.77929324191394,"VIPR1",4.95040791308194e-26,0.312650642343682
"28",-4.83955283473242,"SMUG1P1",4.51204819456655e-47,-4.1105449251036,"SMUG1P1",2.5599988108325e-19,-0.588788299433141
"29",5.57243511778528,"ZIC2",7.40131779890057e-47,5.93918340541285,"ZIC2",3.70834778164093e-32,-0.508525775631355
"30",-2.45956690272824,"LCAT",2.58343369532398e-46,-2.06836202345612,"LCAT",2.7039555548172e-20,-0.308289271067065
"31",-2.98626183604144,"OLFML3",5.63608954301365e-46,-1.89414443561304,"OLFML3",8.76174550639796e-14,-1.01409036757696
"32",-4.18228334981492,"AC104809.2",5.63608954301365e-46,-2.91401546933083,"AC104809.2",4.60596396586894e-15,-1.16162309175035
"33",-3.12572424307572,"LTK",6.22451642999196e-46,-2.08642625604454,"LTK",8.56542377458945e-14,-0.955875493365782
"35",2.33732756186829,"UBE2T",3.36564994249456e-45,2.49118678768661,"UBE2T",8.9400662559443e-30,-0.198885338180651
"36",-4.75148904302766,"LINC01093",8.1299351666549e-45,-4.15890785291917,"LINC01093",1.06502649376325e-18,-0.451004507875051
"37",-6.1419100166788,"CDHR2",1.2091355858388e-44,-3.29438652205979,"CDHR2",3.03941481707629e-12,-2.73020542899848
"38",-3.77899248497049,"OIT3",2.35174006690471e-44,-3.35823876195269,"OIT3",4.24168834980522e-18,-0.301643952609723
"39",-2.90105532650835,"FBP1",6.29649966388203e-44,-2.30340590460676,"FBP1",2.53320499796313e-17,-0.508138442134824
"40",-4.96440227266717,"BICDL2",7.04122076258603e-44,-3.80538216143831,"BICDL2",4.62559373596774e-17,-1.02736342044771
"41",2.8156074108367,"NEK2",1.41900309052436e-43,3.13355918097179,"NEK2",5.50108225432257e-30,-0.381002961873926
"42",-4.79627762130994,"PROM1",1.86286106882699e-43,-4.19166084348362,"PROM1",5.78097239911136e-20,-0.462121041067946
"43",-2.96996824366479,"TCF21",2.03529912520448e-43,-2.44192988025052,"TCF21",9.42010637048607e-18,-0.434640377165549
"44",-4.04731732575934,"TRPV6",2.46262862217407e-43,-3.8645453431055,"TRPV6",2.42728980558154e-22,-0.0494551628620657
"46",-2.42320685644267,"TSPYL5",3.65782552531432e-43,-2.11226065411683,"TSPYL5",6.03306329851887e-19,-0.226798791025804
"48",-3.03535377553892,"BCO2",1.52914751370467e-42,-3.31355709994315,"BCO2",4.94235590238438e-26,0.396059319723566
"49",-3.38837873701361,"FCGR2B",2.50805457325691e-42,-1.87801957472913,"FCGR2B",8.31286804950658e-11,-1.43278459579119
"50",-5.66291853213253,"PRSS22",2.50805457325691e-42,-4.57358798170132,"PRSS22",1.85777019020037e-17,-0.936117872760714
"51",-4.29290753448071,"IGFALS",4.31079972747861e-42,-3.24330091358241,"IGFALS",3.09332469940482e-16,-0.933722026201221
"52",-3.16054224557427,"HGF",5.15033188211565e-42,-2.5817507642927,"HGF",2.4850685659907e-17,-0.481470097079111
"54",-2.56060007557348,"A2M",1.32380852151307e-41,-1.24292909506866,"A2M",6.07221022897498e-07,-1.25791716164453
"55",-2.10825535963771,"CD1D",2.10740663621094e-41,-2.07700189000114,"CD1D",3.11599259236336e-21,0.0519045747035125
"56",-2.07457714411667,"AQP3",2.0929873464825e-41,-1.34680881272434,"AQP3",1.14480471164634e-11,-0.665099629862852
"57",-4.97887673522583,"ANXA8L1",3.9781846516444e-41,-4.35735522935559,"ANXA8L1",2.21875866317142e-19,-0.474376356265356
"58",-4.06587583989455,"ANXA8",4.88916362750901e-41,-3.62627946545698,"ANXA8",4.40518762608159e-19,-0.312965335981079
"59",-7.39270644307096,"MUC6",6.34708275232435e-41,-6.9247142442505,"MUC6",7.878584559077e-22,-0.248806515538841
"60",-6.39070477091741,"KRT19",6.34708275232435e-41,-4.71463128938522,"KRT19",7.40316631007018e-15,-1.5189031044912
"61",2.66357771472854,"CDKN3",7.25977784932543e-41,3.05201878557155,"CDKN3",4.28523669360671e-30,-0.449204225121262
"62",-5.11615281941458,"TACSTD2",7.18299352864987e-41,-4.85809847141973,"TACSTD2",2.28297281997621e-20,-0.0968582572539458
"63",-4.13388305714427,"B3GAT1",7.66939733227049e-41,-3.55406343823269,"B3GAT1",6.32037965599092e-18,-0.455214974547644
"65",-3.01371948810049,"DNASE1L3",7.8039087350688e-41,-2.8256204419359,"DNASE1L3",6.2156819859456e-20,-0.0839346370392177
"66",-2.7162969091421,"C1QTNF1",1.74775976535703e-40,-2.47754121970458,"C1QTNF1",9.78735217727537e-20,-0.144358442904464
"67",-3.31981941014337,"SHBG",2.05607155123617e-40,-2.61981358125407,"SHBG",5.46509190663949e-18,-0.601616395523779
"69",2.70131847888378,"CENPF",2.690388982939e-40,3.22333794714491,"CENPF",2.26511886689792e-30,-0.587589867555444
"70",-2.95606995760244,"ID1",8.81212095283399e-40,-2.14929974158106,"ID1",5.16874919635478e-14,-0.721583481583309
"71",-2.16424073541274,"AC008556.1",9.17401578164992e-40,-1.50131020886004,"AC008556.1",9.11324044094926e-12,-0.595926489385767
"72",-3.61582527431318,"ADAMTSL2",1.05194859347974e-39,-2.59601944533372,"ADAMTSL2",8.87407460473621e-16,-0.922084063143152
"73",-2.97995884463097,"DIRAS3",1.16136590611778e-39,-3.46845395662369,"DIRAS3",1.59993645488471e-25,0.610697539640131
"74",-3.31598746996679,"KBTBD11",2.52221914028348e-39,-3.23007418276913,"KBTBD11",1.87882318854606e-18,0.0296001631674193
"76",-5.97536411342165,"MARCO",1.89476237316808e-38,-4.97122815308892,"MARCO",1.95848733343887e-14,-0.839765431348149
"78",-3.69019814279046,"AL035661.1",2.67290437454206e-38,-2.47786867030052,"AL035661.1",1.86398695575198e-11,-1.11792303763708
"79",2.73175826544221,"CELSR3",2.97111315495753e-38,2.44288671380434,"CELSR3",2.168356112561e-18,0.245200747621165
"80",-3.01803697366693,"NGFR",5.58814121867662e-38,-2.00043918596582,"NGFR",1.0762328588529e-11,-0.936588105949368
"81",-2.02884083000687,"CD4",5.58814121867662e-38,-1.30310028861402,"CD4",2.55704598264095e-10,-0.66429830853599
"82",-2.40230589494008,"GHR",5.93017775486754e-38,-2.19098598680838,"GHR",1.30009830460375e-18,-0.124963450512831
"83",2.38028347291456,"FAM83D",6.9054182735333e-38,2.55242738046668,"FAM83D",1.70320908495248e-23,-0.218888441436708
"87",-4.04940112334392,"SAMD11",1.49295980984192e-37,-3.57544856929996,"SAMD11",2.02661629196819e-17,-0.348747839239586
"88",-2.3596955759501,"RND3",1.3584028443629e-37,-2.06437947468498,"RND3",4.36836916919811e-17,-0.212512244060686
"89",-3.67314663170204,"TEX26",1.28385423112907e-37,-4.02393595286037,"TEX26",1.83446832011751e-23,0.488578668759103
"91",-5.64578112846763,"CFTR",2.56243042469003e-37,-5.81679762340656,"CFTR",2.26893135588199e-20,0.359113848083679
"92",2.24629353968752,"CDCA8",3.25859703477685e-37,2.61307726933887,"CDCA8",8.63279704424044e-28,-0.415230109805367
"93",2.26110217323507,"PRC1",3.56648950946309e-37,2.53887909159132,"PRC1",4.26250314634221e-26,-0.324141284934541
"94",-2.0930442112091,"AADAT",3.66571249850034e-37,-2.03273709785448,"AADAT",2.06277557443365e-18,0.021608853336472
"96",-3.67122994324899,"LINC02593",5.87347911082988e-37,-3.46464262437054,"LINC02593",2.53765610015572e-18,-0.0844918378668402
"97",-2.04732093851956,"LILRB5",7.38423474725988e-37,-1.59939619730181,"LILRB5",4.57074815565065e-13,-0.378168394415678
"98",2.60709936891447,"ASPM",1.06154179133575e-36,3.18180883378281,"ASPM",2.13090789640224e-28,-0.639114550128906
"99",2.23746387147721,"CCNB1",1.13970913084912e-36,2.67523820124859,"CCNB1",2.38031639163973e-28,-0.487964956321262
"101",-2.24564595942074,"EPHA2",1.15217565120102e-36,-1.9108081904099,"EPHA2",3.41288183570935e-16,-0.256343148345749
"102",-4.42704930858504,"TMEM125",1.61219015525644e-36,-4.01537210142992,"TMEM125",3.0359064160239e-17,-0.274128162692241
"103",2.36782994160539,"HJURP",1.81930824676912e-36,2.74712217322433,"HJURP",1.93157356443812e-27,-0.431499934734231
"104",2.77860607386861,"KIF20A",1.98834385577547e-36,3.25293374036673,"KIF20A",3.68983407203407e-27,-0.540728528819193
"106",-3.79371671500534,"MFSD2A",2.49617689911964e-36,-4.41259826163685,"MFSD2A",6.12488808534706e-23,0.767576825183835
"107",-2.22549148606169,"ASS1",2.81990296401523e-36,-1.81054675843263,"ASS1",9.28874355862952e-15,-0.339263459917308
"108",2.26330555475726,"HMMR",4.18217470023572e-36,2.37189655630081,"HMMR",8.05208049180629e-22,-0.150269809582022
"109",2.48317778612272,"TROAP",4.28873746945855e-36,3.02012001008585,"TROAP",1.02973604258068e-28,-0.59681029313786
"110",-4.49187312233609,"ASPG",4.04214564364175e-36,-2.38902278821684,"ASPG",1.7600012619893e-09,-2.01093692993454
"111",-5.88883550554854,"DPT",4.55932499293767e-36,-4.47099127867955,"DPT",4.30994150446646e-15,-1.26751043025731
"113",-3.50458038532992,"C6orf141",4.9207141229971e-36,-3.21286520711673,"C6orf141",1.36989442376501e-17,-0.176684614652346
"115",-4.61766497591899,"NPTX2",5.51001828810078e-36,-3.29099411975689,"NPTX2",2.50469931085507e-12,-1.20944798193122
"116",-2.32043524487616,"KRTCAP3",6.75222381609806e-36,-1.67030854924261,"KRTCAP3",9.48691394022477e-12,-0.578380536090662
"119",-2.98970485620739,"ADRA1A",1.30009263444464e-35,-2.78547846729532,"ADRA1A",2.27428761450539e-15,-0.101188370470341
"120",-3.65618291657717,"GPR182",1.52838443271673e-35,-3.20618161880647,"GPR182",6.01211401692505e-14,-0.335158276842559
"121",-4.51741454657571,"CLRN3",1.74375099200314e-35,-3.49450977799149,"CLRN3",9.30209145085994e-13,-0.899971210126574
"122",-2.17452668347516,"EPB41L4A-DT",1.74375099200314e-35,-1.80158089160731,"EPB41L4A-DT",2.53875352331297e-14,-0.297516107914826
"123",-4.10321002279291,"HAND2",2.64554934020125e-35,-3.46575827987046,"HAND2",2.97364931444665e-15,-0.51532495642643
"124",-3.00652556774292,"CETP",2.76114081734133e-35,-2.62435801837761,"CETP",7.63466072630488e-14,-0.283650598315764
"126",-2.85563225555607,"RBP1",2.78776488845672e-35,-1.7327662846023,"RBP1",6.17510415323071e-10,-1.04936723665938
"128",-3.33179462790979,"AC010280.2",3.54618250150548e-35,-3.32555719796959,"AC010280.2",1.51053668917886e-17,0.111955290185048
"129",-3.42678223817149,"AGAP1-IT1",4.83254952634782e-35,-2.01795328613449,"AGAP1-IT1",1.95230047252937e-08,-1.32732782163484
"130",-3.41093812143773,"TTC36",5.20655330596918e-35,-4.36198077722934,"TTC36",7.72358340461752e-21,1.09831759906206
"131",-3.84983082361162,"UROC1",6.53789423117434e-35,-2.24432534305261,"UROC1",5.62893553798525e-09,-1.51765231146835
"132",-2.85265285520251,"DNM3OS",7.81633900318627e-35,-2.55518366651336,"DNM3OS",6.88135526429607e-16,-0.200893281800601
"133",-4.45733520761899,"CA9",1.72876681564702e-34,-2.22284503382073,"CA9",4.34485793666175e-07,-2.14723974586364
"135",-3.022283133033,"PLGLA",2.32517977724855e-34,-2.73150578514864,"PLGLA",1.18226194014919e-14,-0.18925381214772
"136",2.91221910758087,"RBM24",2.67252581139644e-34,1.74172968463001,"RBM24",3.25359283138351e-08,1.14649320526192
"137",-2.29649205988329,"GGT5",2.40002070163724e-34,-1.71965278754564,"GGT5",2.50469931085507e-12,-0.503708505016653
"138",-3.75884115686701,"DBH",2.99631857790784e-34,-2.98726808510613,"DBH",1.35112737585833e-13,-0.662872802082307
"139",-3.2029942563761,"PGLYRP2",3.07333262472825e-34,-1.8185731989113,"PGLYRP2",1.40826645413769e-07,-1.30851456645851
"140",-3.84210406405775,"AL390719.2",3.86241137343872e-34,-3.37719342624508,"AL390719.2",1.24714443230767e-15,-0.34526899627813
"141",-2.79710374868626,"CYP39A1",4.3587399895674e-34,-2.99766252377649,"CYP39A1",9.6203091916884e-19,0.309550714498179
"143",3.56363888538123,"ESM1",9.37877770825573e-34,2.71023028592902,"ESM1",2.2177742771724e-11,0.802236089013003
"144",-3.6437475868421,"AC092384.2",1.08550234553235e-33,-3.9163815922315,"AC092384.2",6.0081789862038e-19,0.407405359209789
"146",-3.7701310461267,"PRSS8",1.33487194681736e-33,-3.54520262045395,"PRSS8",8.4988718956679e-16,-0.100572417373302
"147",-2.17850238228011,"KMO",1.18086456160909e-33,-1.46350289889435,"KMO",7.62754775796265e-10,-0.649056325811828
"150",-2.6500865669886,"KDM8",2.58786666333307e-33,-2.60378039559583,"KDM8",1.98996508296342e-17,0.051633368037132
"152",-4.43228403367102,"HSD17B13",2.65360408378491e-33,-4.42658587641413,"HSD17B13",6.14421089972263e-19,0.143389616161784
"154",4.50785805624847,"ZIC5",3.41900702676807e-33,5.51279331478193,"ZIC5",2.95891007689646e-28,-1.13474816756511
"155",-2.81432412728264,"SERPINA11",3.78473101395973e-33,-1.93993174825585,"SERPINA11",7.73751938301058e-10,-0.795080546340468
"156",-4.142640158848,"GLS2",4.82888749834602e-33,-2.54398249846179,"GLS2",2.78068488495992e-09,-1.50239606019164
"157",2.44595371144879,"EXO1",6.2482275708192e-33,2.93595503515444,"EXO1",4.94235590238438e-26,-0.547507709268634
"158",-4.29100902975694,"SLC25A47",6.39639463516666e-33,-3.37031613040031,"SLC25A47",5.79058471614443e-13,-0.801244235921387
"159",-2.56928088862468,"STEAP4",7.16989379531216e-33,-2.29719589684236,"STEAP4",2.61802217610196e-14,-0.182748265897028
"161",2.22509391975676,"CDCA5",1.03105521159327e-32,2.92680916793738,"CDCA5",2.03265885387927e-29,-0.758964999143054
"162",2.15027146031607,"CDK1",1.19581900733304e-32,2.68761678970481,"CDK1",5.58507796410723e-27,-0.587883301250819
"163",-4.40398742350234,"CYP1A2",1.23334373344228e-32,-5.06293153545268,"CYP1A2",4.87006214897283e-16,0.825887853550343
"165",2.29193001819841,"FOXM1",1.69824155906276e-32,2.88225938676584,"FOXM1",2.31643014080497e-27,-0.646329045040025
"167",2.43051042087395,"UBE2C",2.19371584232186e-32,3.10533173932982,"UBE2C",2.62079176429305e-28,-0.737080443347639
"168",2.35389328327422,"NCAPG",2.23364925440632e-32,2.95151191692454,"NCAPG",2.47929251764643e-27,-0.655561547980244
"169",2.66475543032432,"CDC20",2.41390677143281e-32,3.49899246592365,"CDC20",2.7809298416483e-29,-0.907542347902698
"173",2.34954865333275,"CCNB2",3.3634130221601e-32,2.91106284106608,"CCNB2",1.94286812847563e-26,-0.618322094066838
"174",-3.491531713668,"EPS8L1",3.48588197372978e-32,-3.1941272017588,"EPS8L1",2.16167221507861e-15,-0.182899739988011
"176",2.22988453477915,"BIRC5",3.57085942372259e-32,2.68128715307808,"BIRC5",3.72005067689988e-25,-0.501762979473168
"177",-2.0514551569133,"SULF2",3.90160437114448e-32,-1.3534252700828,"SULF2",5.03237327897088e-09,-0.635175526374325
"178",2.14000771136185,"KIFC1",5.41670211450497e-32,2.59493006675992,"KIFC1",4.89248137514561e-25,-0.5028595219396
"179",-2.87917375903112,"INMT",5.5875571339515e-32,-2.64476576081504,"INMT",2.80032024906028e-16,-0.135318402418448
"182",-3.36839019806245,"HAO2",7.76651398359977e-32,-3.26009438203994,"HAO2",5.67986590945275e-16,0.00806000627575183
"184",-3.37191915973321,"APOF",9.68541273635436e-32,-3.16356216570935,"APOF",7.19312005369236e-16,-0.0947098822491776
"186",-4.24592568913453,"C7",1.040315432652e-31,-3.62248913013739,"C7",5.88128392444299e-14,-0.496911877998897
"188",2.05800885366696,"AURKA",1.65384528135384e-31,2.20746733335014,"AURKA",2.92957271701094e-20,-0.186523375563402
"195",-2.296268424082,"COLEC11",2.27185814489107e-31,-1.80275942923769,"COLEC11",9.67220571425918e-12,-0.418046240923526
"196",-2.59135680543011,"ANGPTL1",2.84096458935054e-31,-2.65463573525442,"ANGPTL1",3.13334260632373e-16,0.162645478795169
"197",4.98395049759555,"NMRAL2P",4.05719540305063e-31,5.04655961744259,"NMRAL2P",1.04767704028663e-18,-0.179339431478198
"200",2.62884142581817,"TOP2A",4.05719540305063e-31,3.12015760260892,"TOP2A",2.65236566139076e-23,-0.553991317945398
"201",-3.36471589893128,"TFPI2",6.34363017741467e-31,-2.77274422634015,"TFPI2",3.35445965630514e-11,-0.489290979131632
"202",-3.45613689956254,"VNN1",7.76682022409969e-31,-1.60505559741941,"VNN1",5.4228640233615e-05,-1.78116615160446
"204",-2.76796323944904,"COX6B1P4",1.01229184817513e-30,-2.67958861550641,"COX6B1P4",2.79239780737139e-15,0.0116921071218495
"206",2.37162363408061,"BUB1B",1.10894326316533e-30,2.86759819916953,"BUB1B",6.21533065403133e-24,-0.5515628461265
"208",-4.10249052868947,"DCN",1.01229184817513e-30,-3.22733503464815,"DCN",9.85510768726769e-12,-0.759718904641657
"209",-2.76919853696233,"AC115099.1",1.15775089738124e-30,-2.71292705264667,"AC115099.1",8.4988718956679e-16,0.0447307290049431
"211",-3.45847818173135,"CYP2B6",1.31933758574512e-30,-3.54972847799692,"CYP2B6",3.23267530826234e-18,0.215733300902829
"213",2.0529631899755,"AURKB",1.55494610908787e-30,2.34127951087535,"AURKB",8.03397681168153e-22,-0.329136009399817
"217",-3.46924921823094,"MT1F",1.37484745763255e-30,-3.15669087251681,"MT1F",1.06341399734626e-12,-0.199104043603296
"218",-2.11180831142781,"ALB",1.63946253114269e-30,-1.75180326632265,"ALB",2.77824484219863e-12,-0.285972129843177
"220",-3.94511488434984,"BEX1",1.87460389014207e-30,-2.96842603726866,"BEX1",2.56894647939231e-10,-0.868517288492055
"221",-2.10427225403351,"QSOX1",1.48648956597078e-30,-1.53172097579712,"QSOX1",4.69180337253012e-10,-0.504693909740665
"224",2.06235127110277,"PTTG1",1.99247331487632e-30,2.43467933929186,"PTTG1",5.69397851333184e-23,-0.415768571871274
"227",-3.57493132820132,"KCTD9P4",2.55458309718619e-30,-3.26349630770553,"KCTD9P4",5.35374508885699e-14,-0.194983739580695
"229",-2.56467376838044,"WDR72",2.55458309718619e-30,-1.38671859916887,"WDR72",1.76573559325349e-06,-1.114166592239
"233",-2.30675820513293,"GSPT2",3.77452809181811e-30,-1.42560333232111,"GSPT2",8.86887787880656e-08,-0.816275183567099
"236",-2.28131574757665,"ZNF334",4.8166254713743e-30,-1.62645405650157,"ZNF334",8.92703169079978e-10,-0.584346096109588
"238",2.86720033024194,"APLN",5.02387301430824e-30,2.28604116777365,"APLN",9.47764457736726e-11,0.541889471336583
"240",-4.12711723599933,"MFAP4",6.15841332649122e-30,-3.48172863748595,"MFAP4",6.97660083548678e-14,-0.522813681047381
"242",2.19865622599998,"KIF2C",9.05765509603799e-30,2.89906678979209,"KIF2C",4.59944005042798e-27,-0.756881858872273
"243",-3.92512131757916,"OXT",1.04757122332703e-29,-2.54015224135951,"OXT",6.09541132263347e-08,-1.28881495369539
"246",-2.03336642480499,"PLA2R1",1.21677976989658e-29,-1.70259700270849,"PLA2R1",3.91563896487729e-12,-0.258117243019225
"248",-3.17584495804925,"KRT17P4",1.67804165284602e-29,-3.2139196673687,"KRT17P4",1.85513871734118e-15,0.153134861215564
"250",-2.72479566625262,"TMEM82",2.172187608325e-29,-2.34992792931234,"TMEM82",1.21194695672291e-12,-0.284051341192317
"254",-4.31341125822181,"MUC3A",2.45983172484672e-29,-3.8937363823394,"MUC3A",6.58701690527309e-15,-0.285538950530101
"255",-2.65609436270951,"SDCBP2",2.88912258420287e-29,-1.98618114644217,"SDCBP2",1.05676511487684e-10,-0.589303617546646
"256",-2.15968264194335,"ZNF667-AS1",3.15551085584024e-29,-1.76079934287716,"ZNF667-AS1",1.31024111625432e-11,-0.324597952355304
"257",-2.49196811442301,"F3",3.35269966643344e-29,-1.95320923896264,"F3",2.88265536383137e-11,-0.459074474110743
"260",-3.80545559774363,"CD5L",5.00450760097195e-29,-3.42921719085721,"CD5L",4.33402289941664e-11,-0.255136969606607
"261",2.67792339435654,"HIST1H3H",6.34590422770364e-29,2.28873121413438,"HIST1H3H",4.80272861071894e-12,0.34984700592884
"263",3.07276772191002,"TLX1",7.43875222425505e-29,2.90234129523756,"TLX1",6.09184612105131e-15,0.113863248408664
"267",-2.50160816703843,"AL391001.1",9.06305814490918e-29,-1.57496532016903,"AL391001.1",2.36732122011674e-07,-0.857572034664019
"268",-2.33260781519717,"CCL14",7.88490083674701e-29,-2.16107974306914,"CCL14",3.53588461538095e-13,-0.0860107888306101
"270",-2.90663758918326,"GBA3",8.24914519004125e-29,-2.65601997249237,"GBA3",1.13715838240222e-13,-0.151212225786052
"273",2.65372561039625,"SLCO1C1",1.11988711926987e-28,1.7474133025637,"SLCO1C1",8.00710537987712e-08,0.882156606850941
"276",-3.83714063087166,"FAM163B",1.44679321060653e-28,-3.64033371477638,"FAM163B",1.07192832617297e-13,-0.069781512995776
"279",2.06980991968353,"KIF18B",1.49430328215694e-28,2.57231269024165,"KIF18B",1.54915204767129e-23,-0.549805289640806
"281",-3.41018646720228,"AL049555.1",1.53623611270776e-28,-2.83773713762222,"AL049555.1",1.2202285885285e-11,-0.467944923898469
"282",-2.38309220983891,"OMG",1.67648577986585e-28,-2.10030901639713,"OMG",2.19664557891516e-12,-0.198971147143149
"286",-2.19968903342929,"AC129507.1",1.83465265895009e-28,-1.91416344784873,"AC129507.1",4.68403017183042e-12,-0.206936815817071
"287",-2.89806141165384,"SPP2",1.61601368554972e-28,-1.6791802105823,"SPP2",2.65176524675449e-06,-1.14688610119199
"289",-2.09311812004615,"PYROXD2",1.85941528822133e-28,-1.89147627036095,"PYROXD2",2.7826669255878e-12,-0.123689686007715
"293",-2.17179015757054,"PHGDH",1.89182842298523e-28,-1.23206111067953,"PHGDH",2.86721977755098e-06,-0.88028018553407
"297",4.44357795544842,"TGM3",3.52973920353363e-28,4.21326133095139,"TGM3",7.91717226243444e-15,0.136968805506151
"298",-2.26282256054987,"BGN",2.83690425246744e-28,-1.42971798018503,"BGN",3.93518226243223e-07,-0.76810943339633
"300",-2.87600765093078,"FAM95C",4.58180775524515e-28,-2.19668690757661,"FAM95C",1.01613271898745e-10,-0.592804316922131
"301",-2.97157198622912,"MOGAT2",3.79497210417831e-28,-3.26310401214287,"MOGAT2",2.80032024906028e-16,0.407972298948167
"302",6.17995880450221,"CPLX2",5.01402231385327e-28,5.04240835600661,"CPLX2",6.1909586119686e-11,1.02093662197133
"306",-3.0594981614334,"NAT2",5.10225953342221e-28,-3.92497369443957,"NAT2",1.59150974424897e-17,1.00048798268611
"307",2.80669195475298,"EVX1",5.76454072776127e-28,1.93853129838793,"EVX1",4.06579295052245e-08,0.838642151687297
"309",-2.2087710525277,"LRRC4",6.7760234572721e-28,-1.5929672202244,"LRRC4",2.2669062196567e-08,-0.546227883699129
"310",-2.79117353776085,"SLC22A10",5.55098748774224e-28,-1.92623505687789,"SLC22A10",8.10610926903572e-09,-0.786010979702575
"311",-2.45338274100348,"PLGLB2",5.72472910927183e-28,-1.81574694929178,"PLGLB2",2.32550416436904e-09,-0.561808605753789
"315",-2.90009763274139,"SPINT2",8.01783297577159e-28,-2.384895122546,"SPINT2",5.90904774497585e-12,-0.423404929016362
"317",-2.38537873472077,"OLFM1",1.0346852859234e-27,-2.1387599243619,"OLFM1",2.76148692105448e-12,-0.161727824997153
"323",-4.18204584332072,"IGLV1-36",1.64970916810621e-27,-2.51104920705395,"IGLV1-36",1.12181833870094e-06,-1.57565914986968
"329",2.26692681934871,"ROBO1",1.75947882233092e-27,2.24030286905799,"ROBO1",5.69652704625864e-15,-0.0113623163452987
"330",-3.32247639392772,"HAL",1.84164333894233e-27,-1.35050046892981,"HAL",0.00148177091421074,-1.90920363496303
"342",-3.2517423379956,"PDGFRA",4.6379326524674e-27,-2.56022216767585,"PDGFRA",1.90375859392889e-11,-0.594802882225623
"344",-2.31156485951167,"SSC5D",5.59885613595318e-27,-1.81905862468262,"SSC5D",4.09373964358079e-10,-0.416586122692473
"350",-3.19634599019592,"LYVE1",7.27856085305986e-27,-2.83180060092824,"LYVE1",1.27267155639695e-10,-0.26020756382249
"353",-2.30822059913274,"TRIM15",6.84143544964815e-27,-1.62211401336534,"TRIM15",7.15052228769738e-09,-0.615712773155641
"363",2.06365875528167,"EME1",1.0634606819503e-26,2.22082468592864,"EME1",6.07368618887059e-17,-0.194605636128297
"367",-4.29512203644341,"CYP2A7",1.0634606819503e-26,-4.11911618556242,"CYP2A7",2.9254691846511e-14,-0.0355457296488131
"369",-2.58423773693801,"AP003168.2",1.35066146802216e-26,-2.56006304624177,"AP003168.2",2.47130709689352e-13,0.0725381324231939
"370",-2.99308374832733,"PLEKHB1",1.35066146802216e-26,-1.31831471056771,"PLEKHB1",0.000145677335393295,-1.61289988561692
"372",-3.53417738321693,"AL663070.1",1.60965422030912e-26,-3.81808735347336,"AL663070.1",8.81184789704832e-15,0.415923170902136
"376",-4.09878493804036,"IGLV2-18",2.05989161766292e-26,-2.8195054713667,"IGLV2-18",1.0282130946056e-07,-1.17528664466979
"380",-2.51030311015372,"FAM110C",2.10823697984675e-26,-1.32221507165656,"FAM110C",4.52558351859149e-06,-1.12610944155428
"384",2.58800448623642,"DUXAP10",2.46332992301022e-26,2.83675233123481,"DUXAP10",4.96181956296038e-17,-0.303470585698663
"385",2.29039018127024,"CDKN2A",3.1078088951686e-26,1.62601549357753,"CDKN2A",1.06741637480505e-08,0.643625430023396
"387",-2.0060051631029,"TCIM",2.78314833092736e-26,-1.77424389674942,"TCIM",7.66551441576401e-12,-0.157098663158252
"392",-2.37659959624316,"LINC01348",3.20213802572046e-26,-2.41362780973592,"LINC01348",8.00677761138776e-14,0.129632038795466
"396",-2.46490848546183,"LINC01767",5.68519435060093e-26,-1.94282398392145,"LINC01767",7.19619924645821e-10,-0.44269151222592
"400",-2.60065553462897,"AC019257.1",8.59921337095864e-26,-2.66444988788933,"AC019257.1",1.12784508887422e-13,0.163436289035052
"403",2.01778564195625,"IQGAP3",8.5317033846912e-26,1.76113172909642,"IQGAP3",2.24570210697124e-12,0.232113270480119
"404",-4.41622109649653,"C9",9.35140090379102e-26,-2.8042130768922,"C9",7.95330176704206e-07,-1.50844430480858
"405",2.04885855528052,"MKI67",1.05671062275588e-25,2.70269682446822,"MKI67",7.46702704654257e-23,-0.70479938940804
"406",-2.29959240652349,"PROZ",9.19152139078764e-26,-2.22633656688185,"PROZ",1.50313606453288e-12,0.0140925613086844
"409",2.27932806059404,"AC110285.7",1.4721613193125e-25,1.6107946458594,"AC110285.7",1.05455690131155e-07,0.648211256659214
"411",-3.75068119675596,"FGFR2",1.27053766452805e-25,-2.07566088328141,"FGFR2",7.0301609174275e-07,-1.5918998980127
"413",-4.52801079206077,"CXCL6",1.66963441418978e-25,-3.25530930180015,"CXCL6",5.92686040306791e-09,-1.15647993813344
"414",-2.32673690080912,"NAPSB",1.55224645611813e-25,-1.72278993560666,"NAPSB",3.78721238966234e-08,-0.530728168969562
"417",-2.59459340412159,"TSLP",1.91571950512086e-25,-2.65709041201406,"TSLP",5.48484043859525e-13,0.161932435513624
"418",-4.10460040834237,"IGHV3-73",2.14553325455176e-25,-2.67407114691443,"IGHV3-73",6.11600689127326e-07,-1.33061735147714
"420",-2.54048302931043,"ZG16",1.95452135833056e-25,-1.76309968484221,"ZG16",2.08233678342308e-07,-0.703033449767809
"421",-3.86764664286678,"JCHAIN",1.84816055770286e-25,-3.05262566186281,"JCHAIN",1.26891721891444e-10,-0.704486766527628
"423",-3.43855161608436,"IGHV3-62",2.34650563545398e-25,-2.53275452920048,"IGHV3-62",2.73615437300595e-08,-0.80985054542983
"424",-4.55937841463977,"IGF2",1.90734112497873e-25,-1.98745350739085,"IGF2",0.00172413068517984,-2.49127960586208
"427",-2.31238397167566,"CXCR2P1",2.56986301139786e-25,-1.68974678209591,"CXCR2P1",1.08611298078425e-07,-0.550345589893758
"428",-4.20479917100525,"IGLV3-10",3.09248159563305e-25,-2.82726417193031,"IGLV3-10",4.60499678346267e-07,-1.2733244666044
"430",-3.99731261478753,"IGHA1",2.29684164746041e-25,-3.04162229876694,"IGHA1",2.6218699925647e-09,-0.845464857797295
"436",-3.40123129208544,"FAM99A",2.93952114280984e-25,-3.22883750886349,"FAM99A",1.49618931657838e-11,-0.0569150341384716
"440",-2.68974211782222,"ATOH8",3.85990298921955e-25,-2.83860800254494,"ATOH8",1.7270782772489e-13,0.253394727023197
"444",-3.59180665503629,"IGHJ2",4.89628912355083e-25,-2.73831923390045,"IGHJ2",7.34552903468793e-09,-0.751772698860266
"445",-2.81321285359963,"DIO3OS",5.64907646137665e-25,-1.84656768451505,"DIO3OS",1.04298543318892e-06,-0.88995314801755
"448",-2.29013112285811,"AFM",5.06066768210261e-25,-2.10830707790046,"AFM",2.93481897426109e-12,-0.0977875716833853
"449",-2.1747590331473,"AL365361.1",6.14202022017912e-25,-1.56591249134325,"AL365361.1",6.55341650624493e-08,-0.540029753526023
"454",-2.28055961800739,"FABP1",6.1837266793908e-25,-1.25469535564263,"FABP1",5.78417276524702e-05,-0.965780280217525
"463",-2.78253797246418,"BHLHE22",1.11780990248875e-24,-2.11391262795971,"BHLHE22",9.30336761644972e-09,-0.584431578535464
"464",-3.92341792919616,"NPC1L1",9.45099189488754e-25,-1.98429637584229,"NPC1L1",1.68415790364503e-06,-1.85856484161902
"465",-4.13256039756352,"AC104809.1",1.11838908483141e-24,-3.10693639150103,"AC104809.1",4.78919205248203e-08,-0.913565823210548
"468",-3.70716595502366,"IGHV3-72",1.41833320933507e-24,-2.81876799030777,"IGHV3-72",2.44172395490225e-08,-0.784425836556842
"470",-4.20030883943836,"IGHV2-26",1.42034110911483e-24,-2.59058982344883,"IGHV2-26",2.39288066376843e-06,-1.51214960627326
"471",-2.56217295037233,"LPA",9.91360181399306e-25,-2.07794898679312,"LPA",8.85838912070803e-09,-0.401039343540933
"473",-2.00831561077635,"XDH",9.99347818671809e-25,-1.46185525567547,"XDH",5.4337003441608e-08,-0.480563430677866
"474",-5.83893389958792,"SMIM24",1.46313636475355e-24,-4.16944276955607,"SMIM24",2.47014884864213e-08,-1.52761883623323
"480",-4.27563524363556,"IGLV2-8",1.70920529380796e-24,-3.02708844568176,"IGLV2-8",7.05705372994451e-08,-1.13872916213733
"485",-2.42078329817774,"SAA4",1.77659473951156e-24,-1.86925180635408,"SAA4",9.10136197709288e-09,-0.474202950412654
"486",2.40287071744425,"MDK",2.11935029611035e-24,2.47058583819067,"MDK",2.83616647157663e-14,-0.112163166937512
"488",-2.11444792620904,"P2RY13",3.06929003401233e-24,-1.64099084772978,"P2RY13",3.04829065430888e-08,-0.402533578662147
"491",-5.09619935658339,"EPCAM",3.58522733956353e-24,-3.52381860778983,"EPCAM",4.98753306459441e-09,-1.44862477955197
"499",-2.10096780585213,"CDA",3.94635159559037e-24,-1.85079379102655,"CDA",7.0579496860776e-11,-0.173363408486021
"509",-2.21156971971923,"BX842568.4",6.08586846921252e-24,-1.56342895312155,"BX842568.4",3.36879929889246e-07,-0.579393666827517
"510",-2.86867524636432,"DTX1",4.90093435511532e-24,-2.02879676920845,"DTX1",1.29366474371853e-08,-0.758073076761457
"511",2.81072977441371,"ALG1L",6.33495003263555e-24,3.19185149117608,"ALG1L",6.899704279097e-17,-0.445808600709426
"512",-2.04885171877861,"APOA1",6.31170327155393e-24,-1.57910961774354,"APOA1",2.29176624263328e-08,-0.400554999129943
"517",-4.36721989986562,"IGKV1-16",7.86632874954792e-24,-3.15973636528721,"IGKV1-16",5.75387154586213e-08,-1.09394377541883
"521",-2.71549880186656,"MRPS36P4",8.74313559427027e-24,-3.10604202227442,"MRPS36P4",4.65591792706001e-16,0.502576307106122
"523",-3.72026291183467,"IGKJ2",9.54503590856517e-24,-2.58792954194278,"IGKJ2",2.15984989722518e-07,-1.03483860813031
"524",-2.37928639230812,"RDH16",6.95515293587842e-24,-2.09695297602803,"RDH16",4.96100535177406e-11,-0.198615541049014
"525",-4.30670673359435,"IGHV3-15",9.39918739165193e-24,-2.74582896415245,"IGHV3-15",1.60114823661208e-06,-1.45895232284924
"526",-2.48975438500598,"TDO2",7.79150803197651e-24,-2.25764971066964,"TDO2",3.72178000081799e-11,-0.143877621208241
"531",-4.5594013772449,"IGHV5-51",1.24616339736019e-23,-2.98237195065552,"IGHV5-51",1.00676115796484e-06,-1.46846654328206
"535",-2.03035867517189,"PALM3",1.07660055708458e-23,-1.67930252755026,"PALM3",2.20070857284336e-09,-0.279057615507005
"536",-3.9559864132134,"IGLV4-69",1.59354140978843e-23,-2.39910034306755,"IGLV4-69",7.06010086403643e-06,-1.46468988804602
"538",-3.77651337320268,"IGKJ1",1.92172714836923e-23,-2.42709645522806,"IGKJ1",1.74746076697056e-06,-1.25643516017259
"544",-2.54401260849126,"SRD5A2",1.88457490771306e-23,-3.17938225809059,"SRD5A2",1.17228572492381e-13,0.749460675875781
"545",-4.21761983886688,"IGHJ5",2.61942228069329e-23,-2.79752372139548,"IGHJ5",8.49648047866498e-07,-1.3167201071366
"546",-4.41750609693932,"IGHV1-24",2.79256806800502e-23,-2.99003431683558,"IGHV1-24",7.96422007384094e-07,-1.31869388948906
"547",-4.45361991852044,"IGHV3-11",2.8418311123836e-23,-3.03282503791363,"IGHV3-11",4.39049623517694e-07,-1.31081627502979
"549",-2.68179707076245,"GAS1",2.92644206172342e-23,-2.21366927888728,"GAS1",3.19118637161357e-09,-0.381134837195536
"551",-3.97369858424084,"EPO",3.33590305755167e-23,-2.29475077738294,"EPO",1.36478597553891e-05,-1.58967969144342
"552",-4.31816920393913,"IGHV3-49",3.41761532502164e-23,-3.00657149340479,"IGHV3-49",5.02361136143077e-07,-1.20235578391276
"553",-4.49263091290798,"IGHV3-7",3.2791036915778e-23,-2.80567789456846,"IGHV3-7",2.35115935485723e-06,-1.58334820050889
"554",-4.14573319066875,"IGLV7-43",3.59373939461249e-23,-2.79442389068295,"IGLV7-43",8.62146914578128e-07,-1.24802027143171
"561",2.92060249590226,"HHIPL2",4.67004409768281e-23,1.97698400934826,"HHIPL2",1.78354987757049e-06,0.913020992220796
"562",-3.72500379132972,"THRSP",3.83490200276709e-23,-3.87878595387623,"THRSP",3.18435364170627e-12,0.287498576315541
"564",-2.87800461369156,"LRCOL1",4.7058734720809e-23,-2.44090154348271,"LRCOL1",1.72256736952061e-09,-0.34373393926596
"565",-4.40905328161948,"IGKV1-27",5.10685170238981e-23,-2.7934990698807,"IGKV1-27",2.86687686952624e-06,-1.51229113381479
"569",-4.15552215519689,"IGKV2-24",5.93060655651485e-23,-3.01662981513814,"IGKV2-24",2.27356114555131e-07,-1.02936817520661
"570",-3.67816964417388,"IGHV1-58",6.00485001231618e-23,-2.85301438071111,"IGHV1-58",4.75759226360589e-08,-0.720222175723529
"572",-2.52960694656984,"LINC01750",6.52245016119635e-23,-2.69065359405419,"LINC01750",9.61419799257159e-13,0.26142386374201
"574",-4.48847710914685,"IGLV3-1",6.27206056060742e-23,-2.9467251271012,"IGLV3-1",4.19044343582385e-07,-1.4341893547126
"575",-4.18369626843333,"IGHV2-5",6.65083681918824e-23,-3.56458664288134,"IGHV2-5",3.38789022867308e-09,-0.494209698263274
"578",-4.34049963873458,"IGKV1-6",7.61201896960553e-23,-2.93369230485863,"IGKV1-6",1.04218702879667e-06,-1.2996104097672
"582",-4.42117601214936,"IGLV2-23",7.73592812539422e-23,-2.82220472958314,"IGLV2-23",1.51876307984819e-06,-1.49490271891449
"583",-3.8724611627774,"IGLV3-9",9.14800055489977e-23,-2.68263674559633,"IGLV3-9",7.16098507351766e-07,-1.08967215506421
"588",-4.06901080741684,"IGKV6-21",1.01648505431139e-22,-2.54132221972408,"IGKV6-21",6.1222705482562e-06,-1.43150163537521
"591",-2.95613632521026,"CYP2C8",8.33769295755819e-23,-3.52127169962077,"CYP2C8",3.45735042007047e-18,0.688819876972661
"592",-3.45230548577529,"IGKJ5",1.04595207327112e-22,-2.47378532249597,"IGKJ5",2.95712876353811e-07,-0.884228307865221
"596",-2.14455920832434,"EPHB1",1.30208539931247e-22,-1.49683613407638,"EPHB1",1.91109697376195e-06,-0.580844580385744
"598",-2.07539159450855,"RGS11",1.36395830269012e-22,-1.84081141255924,"RGS11",3.66158571964512e-10,-0.158049682859253
"604",-2.20781769490514,"GZMK",1.40087479036415e-22,-1.78611335083964,"GZMK",5.6773179661289e-09,-0.346708681955585
"605",-4.03897982640241,"IGHV3-20",1.62518130298051e-22,-2.65688374990176,"IGHV3-20",2.25417130450599e-06,-1.28266644785376
"609",2.21035053219213,"DUXAP9",1.65852704710916e-22,2.41290285706423,"DUXAP9",2.83616647157663e-14,-0.245381776733258
"611",-2.08723746796399,"FBLN5",1.24196338593551e-22,-1.6559870443383,"FBLN5",8.91893900656263e-09,-0.359906127963301
"614",-3.6997039397854,"FXYD2",1.8148617443232e-22,-1.93973209799782,"FXYD2",1.05335570300901e-05,-1.68066561132169
"615",-4.11463419138913,"IGHV3-43",1.93710188695098e-22,-2.70223471895272,"IGHV3-43",2.9916297041389e-06,-1.31169728783057
"617",-3.6207914235813,"IGHJ3",1.98026028500076e-22,-2.4637092567688,"IGHJ3",1.15708609972008e-06,-1.06307304752846
"618",-3.50109540723006,"IGKV3D-11",2.04031394794812e-22,-2.70387299575808,"IGKV3D-11",4.11105292818602e-08,-0.696474256538385
"619",-4.23545285346614,"IGKV2-30",1.94389915576879e-22,-3.04760624974604,"IGKV2-30",3.2963270209981e-07,-1.07745323480744
"621",-3.70972275333064,"IGLV5-45",2.25906681294788e-22,-2.27901764979444,"IGLV5-45",1.35407361413875e-05,-1.34187846237651
"624",-4.20213666305475,"IGKV2D-29",2.44495333964937e-22,-3.22930931144476,"IGKV2D-29",5.00643430376991e-08,-0.857335363665274
"625",-2.25833859582788,"PRELP",1.82637945985659e-22,-1.92468457092915,"PRELP",4.25483706597703e-10,-0.254770030619623
"626",-4.25006427797116,"IGHV3-66",2.49883556190187e-22,-2.54078594607619,"IGHV3-66",2.02724223474371e-05,-1.61310642750783
"630",-3.04892574956222,"CD79A",2.79525954396946e-22,-1.98462289109409,"CD79A",1.17780438155031e-06,-0.98373698465939
"631",-2.24446693544018,"AC092597.1",2.98057185942716e-22,-1.36899978151315,"AC092597.1",1.40869316726145e-05,-0.812175770012629
"641",5.05744437340065,"MAGEA1",3.59097178260966e-22,5.21459492312059,"MAGEA1",1.69231460816152e-13,-0.278595960808301
"644",-3.11441715880165,"AL592182.2",3.94803457545881e-22,-1.62464642109901,"AL592182.2",0.00021685278461466,-1.41930586529614
"648",-2.4055551373571,"AKR1D1",2.6931595005744e-22,-2.30382427345152,"AKR1D1",3.52224867510883e-11,-0.0122081446373741
"652",-2.08615548135456,"CD1C",4.52111008297975e-22,-1.15324300308457,"CD1C",8.09727575715459e-05,-0.875675266511564
"654",-3.89036561207717,"IGHV4-28",5.24790831306364e-22,-2.3601632938625,"IGHV4-28",1.56364222442405e-05,-1.43909871638439
"657",-3.75114361333814,"IGKV1D-16",5.94367173898814e-22,-2.77750627051351,"IGKV1D-16",2.69621897106189e-07,-0.87082302559002
"658",3.53573437549833,"LNCAROD",5.95833530962253e-22,4.06737503160405,"LNCAROD",5.07660595164464e-16,-0.620894880550557
"659",-2.39279834270871,"FXYD1",3.8221303167248e-22,-1.50242818682462,"FXYD1",8.10256275723029e-06,-0.823334748063991
"660",-3.98529428393179,"IGHV3-74",5.89022908503854e-22,-2.31983959905375,"IGHV3-74",2.37776811401993e-05,-1.57548257283045
"661",-3.98327618323738,"IGHJ4",6.31079775246556e-22,-2.50132652548774,"IGHJ4",5.30866313048107e-06,-1.38688499146253
"663",-2.07886834513469,"TPPP2",6.55921282466966e-22,-2.09571554188242,"TPPP2",5.84971438323326e-11,0.100530349364741
"665",-4.6865079249644,"IGKV1-12",6.96861893716523e-22,-3.40440873067946,"IGKV1-12",2.35126993896658e-07,-1.16169388664673
"666",-4.25702245764782,"IGHV6-1",7.32160045051291e-22,-2.66569408996676,"IGHV6-1",1.14683586432841e-05,-1.49165151938298
"671",-4.45338044333504,"CCL19",6.95325523617694e-22,-2.78050010439087,"CCL19",8.4380281383893e-07,-1.5699820142182
"675",-3.71291933470165,"IGHV3-13",8.17999383731492e-22,-2.70834778471281,"IGHV3-13",4.92718461855473e-07,-0.903697831710765
"677",-4.05088277429321,"IGKV3D-20",8.36818469248524e-22,-3.01075977233789,"IGKV3D-20",1.75235585327376e-07,-0.930763551509536
"678",2.03209825238693,"HIST2H4B",7.06593264209521e-22,1.22015211408178,"HIST2H4B",3.26572012720057e-05,0.802585476577847
"680",-2.39975537035951,"TNFRSF11B",8.31067338117846e-22,-1.49270843923641,"TNFRSF11B",6.33916709256307e-06,-0.840284261085055
"684",-2.90595097640377,"TBX15",8.7801748130283e-22,-2.14334361270721,"TBX15",4.48079218660765e-08,-0.677587759254812
"692",-5.11312246756528,"HAMP",1.02386997616344e-21,-3.14547428385838,"HAMP",4.23864238946566e-06,-1.85450862099492
"693",-2.516715883762,"SDC4P",1.31657021046021e-21,-1.90592493079086,"SDC4P",3.31191524942382e-07,-0.532433357407329
"695",-3.77497647985185,"KRT7",1.14332421228744e-21,-3.65999815938082,"KRT7",1.91640738926659e-11,0.012598870312059
"697",-4.40343192094557,"IGLV1-40",1.23762398235636e-21,-2.7409813164243,"IGLV1-40",2.10283284525089e-06,-1.56066118375413
"699",-2.21090743579537,"EGR1",9.63850836612136e-22,-2.00939648204697,"EGR1",3.52983096432971e-10,-0.120249928734479
"702",-2.25390981335761,"ADIRF",1.11130522942851e-21,-1.96294308959927,"ADIRF",2.91134620122162e-08,-0.211009188892704
"703",-3.83860956601839,"PDX1",1.46077859245519e-21,-2.32501483571484,"PDX1",1.0497029423242e-05,-1.42347740022887
"708",-3.5313611168216,"MT1G",1.09705957548536e-21,-3.9013020472134,"MT1G",5.05833457659076e-13,0.504289149596266
"710",-4.52433607304356,"IGLV1-44",1.50060726716033e-21,-2.67672158536212,"IGLV1-44",8.44515540928166e-06,-1.74762820597385
"714",-4.19421791880063,"IGHV2-70",1.8494544283821e-21,-2.47754564644265,"IGHV2-70",2.77275109240432e-05,-1.6222749016099
"717",-3.97856262716442,"IGLV6-57",1.82619297002279e-21,-2.88627255458639,"IGLV6-57",2.6800864600214e-07,-0.986423754783628
"722",-4.47480412532833,"IGLV2-11",1.93211438443054e-21,-2.78910473159747,"IGLV2-11",6.55145980431464e-06,-1.58255962169173
"723",2.2217590443711,"TOB2P1",2.19297971567183e-21,2.45913724767293,"TOB2P1",7.19192521734854e-14,-0.281505000082161
"724",-3.47249007873367,"HGFAC",1.45840633741411e-21,-2.62679153538564,"HGFAC",1.01991688587879e-07,-0.747113307394443
"725",-4.07509985168882,"IGLV2-14",1.83363335391356e-21,-3.00590626368907,"IGLV2-14",2.96478763465318e-07,-0.959970327837925
"727",-3.20126385643579,"IGKJ3",2.26283876643285e-21,-2.33859978449469,"IGKJ3",3.26216967343615e-07,-0.772165545876923
"733",-2.20417857413622,"CYP4A22",1.82422034811658e-21,-1.91054510992061,"CYP4A22",2.90439686566328e-09,-0.215146225634107
"734",-2.66951025603321,"IGSF9",2.33004831920064e-21,-1.56133022568864,"IGSF9",1.54280018374482e-05,-1.03949182122563
"736",-3.78557693398,"IGKV1D-8",3.01285500920098e-21,-2.84962292482798,"IGKV1D-8",1.45217366221736e-07,-0.831116086245724
"737",2.99986796706325,"DUSP9",2.81496363349291e-21,3.42425935361749,"DUSP9",9.35681065474626e-16,-0.495599674926548
"738",-3.31305947813176,"IGHV3-6",3.0562607136605e-21,-2.29081074427819,"IGHV3-6",2.96175550300245e-06,-0.933091176442831
"739",-2.40174355353454,"F9",2.19297971567183e-21,-1.75420185047588,"F9",5.7939678110698e-07,-0.573441483114525
"742",-2.56286486032759,"RPS12P21",3.18244714990541e-21,-2.78621839030108,"RPS12P21",6.81357150115916e-13,0.326412310781489
"743",-4.66328401431787,"IGKV1-33",3.06337635517563e-21,-3.35834278931898,"IGKV1-33",1.7322499340016e-07,-1.1858285355651
"744",-4.49379700274631,"IGHV3-21",3.21872844362963e-21,-2.9902458822867,"IGHV3-21",2.28583285835071e-06,-1.39476729328213
"746",-4.66486274805791,"IGKV1-9",3.57704313102152e-21,-2.59990679598465,"IGKV1-9",3.60836048546552e-05,-1.96712510651189
"747",-2.79011798121147,"AC087164.2",3.15018267349791e-21,-2.49061079512797,"AC087164.2",4.78711727899307e-09,-0.204743205025601
"748",-3.35666465906393,"IGLJ3",3.74650698444477e-21,-3.06066366846454,"IGLJ3",1.24918469361198e-09,-0.185241228281111
"752",-2.03749796255443,"AC020908.3",4.13977733840117e-21,-2.3020843610974,"AC020908.3",1.08275838588701e-12,0.354060295572519
"753",-3.54497555644082,"IGHA2",3.49071891550859e-21,-2.9307344866249,"IGHA2",2.17278763259875e-08,-0.507127142593398
"754",-2.01950351326285,"AKR7A3",2.75471491800959e-21,-2.68607470575227,"AKR7A3",8.60963209134312e-18,0.766819924357089
"757",-4.4573503190582,"IGLV1-47",4.08709005946007e-21,-2.90238072577601,"IGLV1-47",1.67446940457568e-06,-1.44865127744532
"760",-4.07663525741021,"IGLL5",3.620347117895e-21,-2.6968335042756,"IGLL5",1.04006725409068e-06,-1.27925112753769
"764",-3.45412796804798,"IGHM",3.48501364392214e-21,-2.90054364164184,"IGHM",1.380548070825e-09,-0.447317559464713
"765",-2.93581756930288,"IGHV1-67",5.45247539457682e-21,-2.56752347820425,"IGHV1-67",7.65351771447037e-09,-0.27137192698056
"769",-3.32160581952573,"IGKV3-7",5.66843641313821e-21,-2.64174983911566,"IGKV3-7",1.03742151196775e-07,-0.580851011891868
"772",-2.31534176066461,"MT2A",4.2946289844313e-21,-2.62569715514213,"MT2A",5.17532668352138e-15,0.408909921934036
"776",-4.54622932860381,"IGHV1-69",6.41085829553262e-21,-3.37911555337568,"IGHV1-69",6.27765874021972e-07,-1.0474181984771
"779",-2.02608139266549,"TPBG",6.94810611855913e-21,-1.60219968517428,"TPBG",1.10735126684714e-07,-0.354046694339275
"783",-4.46312972743336,"IGLV3-19",6.98215911758603e-21,-2.79510260256457,"IGLV3-19",2.22067490271262e-06,-1.56471905154305
"786",2.17130786026256,"HIST1H2AM",8.52505695623255e-21,1.43241373014797,"HIST1H2AM",1.14860848686375e-05,0.723577371085826
"788",-4.45763449666367,"IGHV1-18",8.29260921334069e-21,-2.79175010102253,"IGHV1-18",6.10494105249758e-06,-1.56267039408287
"790",-3.89986238646063,"IGHV1-46",9.56920437713564e-21,-3.07320955748269,"IGHV1-46",1.92968457543528e-07,-0.715541026865043
"794",-2.03831724456379,"CYP4A11",7.84566985772695e-21,-1.83448399777807,"CYP4A11",7.19007006943417e-10,-0.127480296038137
"798",2.23341991771545,"B4GALNT1",1.03606612201989e-20,1.73236811383574,"B4GALNT1",2.449207174098e-07,0.477318273470639
"799",-2.69131709430462,"PODN",8.85740883418209e-21,-2.14678050738055,"PODN",1.66389415086937e-08,-0.459420542629141
"804",-3.64044381905118,"CNDP1",1.06328261527283e-20,-3.35592388820681,"CNDP1",1.1300912889925e-08,-0.165475116190077
"812",-2.88670724940499,"HNRNPA1P33",1.35388334537749e-20,-2.67770289874064,"HNRNPA1P33",9.44785920869538e-10,-0.10899053313529
"814",-2.25983051425389,"MXRA5",1.14024955277786e-20,-1.28528764995701,"MXRA5",5.42169834938082e-05,-0.913600457131555
"815",-2.13057021368109,"ALDOB",1.30431630386523e-20,-1.92314635715733,"ALDOB",1.25335797621535e-09,-0.128583024786544
"819",-2.96856827255782,"MZB1",1.3853522088895e-20,-2.0564786172956,"MZB1",1.74245308509852e-06,-0.829507497469333
"820",3.6027519099521,"HOXA10",1.62068033742692e-20,3.82483928269576,"HOXA10",5.61318829202887e-13,-0.304536002534353
"821",-4.36882234953738,"IGHV4-39",1.60195673440194e-20,-2.20184940092325,"IGHV4-39",0.000145783153831941,-2.08031166173459
"822",-4.53718130419429,"IGHG4",1.48816559433452e-20,-2.76347442260919,"IGHG4",3.52773933877069e-06,-1.67128630040596
"823",-4.38720329431863,"AC132217.1",1.3960303208167e-20,-1.9108057738966,"AC132217.1",0.000206999127012306,-2.39790296756472
"833",-2.36324209562349,"IL1B",2.04045352302552e-20,-1.69345310512176,"IL1B",4.68251541524102e-06,-0.59739339075684
"837",-4.56459393462481,"IGHV4-61",2.22206252600224e-20,-2.97171605999995,"IGHV4-61",9.7370658749684e-06,-1.4846139974344
"841",-2.26714089359232,"MRGPRF",2.15932632384442e-20,-1.56730677891276,"MRGPRF",6.05353231447693e-06,-0.63097820245353
"843",-3.34413554084467,"IGLV1-51",2.1296542228325e-20,-2.30191359334971,"IGLV1-51",2.45259855656531e-06,-0.952752842237658
"844",-4.78317019372675,"IGHV1-69D",2.31310079835935e-20,-3.62298234561625,"IGHV1-69D",3.63058039555561e-07,-1.03364932740145
"845",2.61020877292178,"ILDR2",2.49283686902613e-20,2.11043839139875,"ILDR2",2.65958973898067e-08,0.465428134372383
"848",-3.67153436862673,"IGLV3-27",2.79213083097799e-20,-2.70845078246809,"IGLV3-27",8.68280761571895e-07,-0.862206977745912
"852",-2.87581357131926,"KCNIP4-IT1",2.65125764549921e-20,-2.84097119958529,"KCNIP4-IT1",2.94514410692204e-10,0.0697527822802113
"854",-4.46618158275749,"IGKV3-20",2.43787579388253e-20,-2.88444636014521,"IGKV3-20",6.17091644758526e-07,-1.47592014814667
"855",-2.91904223358416,"IGHJ3P",3.30090666710843e-20,-1.83076761118747,"IGHJ3P",2.45450639785928e-05,-1.01202595409336
"860",-4.69771795719531,"IGKV2-28",3.38238510880401e-20,-3.20727927979171,"IGKV2-28",1.54550915860402e-06,-1.37556485592021
"861",-3.81294361157487,"CCL21",2.98674776387974e-20,-2.86252393667565,"CCL21",1.00787781064455e-07,-0.845219747390886
"862",-2.58573691834951,"PEG3",3.21412070484423e-20,-1.41991765900748,"PEG3",6.09954762800378e-05,-1.10109911106429
"865",-3.8011231804285,"IGHG2",2.6799407558754e-20,-2.55999721340463,"IGHG2",1.99982286900238e-06,-1.14441499118512
"868",-2.21415273295472,"MBL1P",3.86692067302043e-20,-1.39220320184989,"MBL1P",2.42909744068359e-05,-0.758007055241665
"870",-3.89896940422538,"IGLV7-46",4.42493932526449e-20,-2.7276390733074,"IGLV7-46",4.12563271926824e-06,-1.06991529577787
"871",-3.12208100148105,"AC134981.1",4.73985596612926e-20,-2.3079663764013,"AC134981.1",1.62080530758314e-06,-0.724475677693344
"876",-2.75025462888803,"S100A14",4.10579360126276e-20,-1.27189795249499,"S100A14",0.000421335664107349,-1.41778998643179
"877",3.12297347017235,"AC018553.1",5.13406088063375e-20,2.27982746047062,"AC018553.1",2.48924113664027e-06,0.804050676261186
"878",-2.98419412811275,"SPINT1",4.51334826750009e-20,-1.7167441059204,"SPINT1",2.23711749808217e-05,-1.19440087297593
"879",-3.24695117237985,"AC092071.1",4.65109659145011e-20,-3.24745545708492,"AC092071.1",2.94822204777304e-10,0.11650545660439
"883",-3.59855969213207,"IGKJ4",6.33010004990166e-20,-2.49039945678179,"IGKJ4",3.93668116283673e-06,-1.01340218448257
"884",-4.69718825200777,"IGHV3-30",5.50763522038196e-20,-3.14938208871361,"IGHV3-30",3.26322754588885e-06,-1.43455694690864
"887",-2.55509896800739,"ANXA13",5.27086740625108e-20,-1.31966152539306,"ANXA13",0.000219504127504758,-1.17353049861696
"891",-3.07468112135288,"IGLJ2",7.12309088812034e-20,-2.0839874956357,"IGLJ2",1.02941857128848e-05,-0.907339564086548
"894",-2.21275971134283,"IGF1",4.51115057587734e-20,-1.98602538911911,"IGF1",2.27045657088893e-08,-0.146129094080188
"899",-2.72536257344957,"C1orf116",7.45373951443347e-20,-2.34440108926366,"C1orf116",2.52305298240052e-08,-0.29030017251631
"904",-2.28395737347447,"KCNA3",9.27550484067152e-20,-1.65048616995484,"KCNA3",3.80516997505512e-06,-0.562281263334591
"906",3.08774436653932,"MAGEB17",1.0514831991804e-19,1.96306167238877,"MAGEB17",5.4228640233615e-05,1.09447586297695
"907",-3.73210625908692,"IGLC1",7.46999456214173e-20,-2.85201215972371,"IGLC1",2.22684560878464e-07,-0.775189134116528
"909",-3.53175248959957,"AC142381.1",1.18995961362614e-19,-2.2145350092503,"AC142381.1",3.79524555975301e-05,-1.23020023312737
"910",-3.95694903060721,"IGLV3-25",1.10906023466324e-19,-2.84690700405998,"IGLV3-25",3.19135694637763e-06,-1.00528031284285
"914",-2.73332558515377,"MT1E",8.38654262117148e-20,-2.92416774338367,"MT1E",2.20867075052021e-12,0.297771821512369
"915",-3.19567045229744,"MS4A1",1.19532083023171e-19,-2.30133519560222,"MS4A1",2.46600454483094e-07,-0.804882381377777
"916",-4.32849045040418,"IGLV3-21",1.21779756017506e-19,-2.41740724765589,"IGLV3-21",7.42228463957732e-05,-1.81837332577024
"918",2.28938029043587,"HIST1H2AI",1.4196247443932e-19,2.3634842450321,"HIST1H2AI",2.77367182263049e-11,-0.115546711739702
"919",-3.91026699238632,"IGHV4-55",1.43191957163575e-19,-2.09162593143562,"IGHV4-55",0.000339085515164132,-1.73507266350327
"920",-2.92672263422951,"IGLV2-5",1.4768537183584e-19,-1.8285770843731,"IGLV2-5",4.47611433526924e-05,-1.02195834811066
"922",-2.5675631125846,"PPP1R1A",9.40114816576794e-20,-1.01795876895966,"PPP1R1A",0.00680404552433885,-1.49616323064657
"923",-3.42249419855363,"IGHV3-19",1.49193582476789e-19,-2.83739470307177,"IGHV3-19",1.56277411999462e-07,-0.480604698572405
"928",-3.37121813515232,"GCGR",1.02562569260893e-19,-3.22303795751751,"GCGR",3.84791420578304e-10,-0.0328641649554052
"930",-4.09864808295302,"IGHV3-48",1.4842243956978e-19,-2.88611334505507,"IGHV3-48",2.98433711153219e-06,-1.10667288755027
"939",-2.28090217604085,"ID4",1.73673860323791e-19,-1.81052402246807,"ID4",2.87474434482551e-07,-0.394697523836088
"942",-2.64473869420745,"IGHV3-47",2.41722778281942e-19,-1.67844035776174,"IGHV3-47",5.70104426477793e-05,-0.894323996963017
"943",-3.29110123087038,"IGKV5-2",2.52241163524221e-19,-2.01648189025737,"IGKV5-2",6.70894294262304e-05,-1.19315949783117
"950",-3.44931748438761,"IGHGP",2.83397998413683e-19,-2.46122902583466,"IGHGP",2.98084075384802e-06,-0.89414893497372
"952",2.85994588325041,"AP000525.1",3.01065221135769e-19,2.40721847415051,"AP000525.1",3.75454409633616e-08,0.410057461996881
"954",-2.05974585638724,"TTYH1",3.10670269013427e-19,-1.67435986596218,"TTYH1",1.20341286673298e-07,-0.31352615024114
"960",-4.52678862146125,"IGHV4-59",2.91659184575691e-19,-2.87043256760227,"IGHV4-59",1.14912777407994e-05,-1.55093420881231
"961",2.32375914109017,"COL15A1",2.60857343127525e-19,2.4197218326081,"COL15A1",2.9618368377211e-11,-0.138983485000754
"963",2.93754307084813,"AL731684.1",3.79410353176435e-19,3.09051344383756,"AL731684.1",7.51704964892687e-12,-0.214813693971715
"964",-2.62905247296887,"TREH",3.14855831430946e-19,-2.9591030310459,"TREH",2.39349178221613e-11,0.437960511514766
"965",-3.29332318550547,"MT1M",3.10670269013427e-19,-3.13920784654003,"MT1M",4.08716034241163e-08,-0.0411516135578821
"969",4.38640228578515,"MAGEC2",4.26360820694279e-19,2.9649334002042,"MAGEC2",1.5080649410757e-05,1.36314936213146
"972",-3.39526383927212,"IGHV3OR16-9",4.39217395326217e-19,-2.31588474608894,"IGHV3OR16-9",1.30203927749407e-05,-0.989517954987137
"973",-3.11782919902599,"SLC22A1",2.87114843048601e-19,-3.53993540552534,"SLC22A1",1.46520556784363e-13,0.546314415845769
"976",-3.16317414518891,"HPGD",3.0222680210848e-19,-1.51143584488599,"HPGD",0.00168945106432356,-1.58445013605485
"977",-2.83219728870341,"IGHV3-41",5.02897788262212e-19,-1.96951345110717,"IGHV3-41",1.07602718066299e-05,-0.78254193726137
"979",-3.72636443395287,"IGHV3-69-1",5.06590802106043e-19,-2.48053987980233,"IGHV3-69-1",1.41886212375381e-05,-1.15134316470155
"981",-2.40835241214778,"NPW",4.39337749934257e-19,-0.916025247169828,"NPW",0.0113338616348704,-1.44174632407944
"984",-3.18487137424689,"AL390726.5",5.63620097883767e-19,-2.55501926464568,"AL390726.5",9.03481826660871e-08,-0.533280815857225
"987",-4.44148894929163,"IGKV1D-39",4.47305703551185e-19,-2.71110767625498,"IGKV1D-39",3.04707001938179e-06,-1.62943011172921
"995",-2.4735847286402,"IL7R",5.25700849288442e-19,-1.53890825390482,"IL7R",1.1573640235579e-05,-0.866617429984968
"996",-2.03286197605295,"AC020659.1",7.0989220752417e-19,-1.7322424969924,"AC020659.1",6.02834980268538e-08,-0.227135442336202
"998",-4.32377328524318,"IGKV4-1",5.96196572463146e-19,-2.38128987740805,"IGKV4-1",5.6632466406912e-05,-1.85078699045215
"1004",-2.4497423639695,"IGLV2-28",8.4394204325077e-19,-1.99587683607111,"IGLV2-28",3.99165569329962e-07,-0.3729838664661
"1007",-2.16432821575429,"APOA5",5.44183819000891e-19,-2.13265782414978,"APOA5",2.47541882270107e-10,0.0530493677801317
"1008",2.70567133135814,"NCAPD2P1",8.75102517996113e-19,2.82429723075205,"NCAPD2P1",1.91376008337428e-11,-0.172999147841417
"1012",-3.99882367552204,"IGLC3",6.2434295047715e-19,-2.78096561303464,"IGLC3",1.94430515326253e-06,-1.11494667550915
"1013",-3.2826165706755,"SLCO1B3",5.89084026598171e-19,-4.77606962436772,"SLCO1B3",1.18583903789592e-12,1.65234740093553
"1015",-3.65163723808658,"IGLC7",9.37680524494633e-19,-3.00239739395768,"IGLC7",2.27356114555131e-07,-0.540115043452712
"1018",-4.32587449477999,"IGHV3-23",7.63726903092779e-19,-2.16605565556067,"IGHV3-23",0.000198443271507801,-2.07416193096515
"1023",-3.11445615704816,"IGHJ1",1.02167428649267e-18,-1.65691593977799,"IGHJ1",0.000639538629078192,-1.38616985664265
"1024",-2.69710600230637,"AC135068.8",1.02167428649267e-18,-1.70059116430785,"AC135068.8",6.20649211811761e-05,-0.923918943090313
"1026",-2.03383408030887,"AL135924.2",1.02911320910364e-18,-2.13336128042918,"AL135924.2",1.26891721891444e-10,0.184266698608634
"1028",3.41602848582841,"PITX1",1.08359551136702e-18,3.67477697397112,"PITX1",5.60707617690997e-12,-0.336986343848997
"1029",-4.06533552327609,"IGKV1-17",1.05777108761162e-18,-2.82501806124818,"IGKV1-17",6.5353339758839e-06,-1.13616995580781
"1033",-3.8853774148794,"IGKV6D-21",1.17332515196382e-18,-2.55409984945482,"IGKV6D-21",4.5142216586568e-05,-1.23473207062832
"1034",-2.74228447774904,"MIR4537",1.18414615777312e-18,-2.10901497119138,"MIR4537",9.2754416325811e-07,-0.549213169676409
"1038",-2.62597005718462,"FAM9B",1.13497601718418e-18,-1.7268669204843,"FAM9B",4.67244740679253e-05,-0.825769939573479
"1041",2.22996360490156,"BRDTP1",1.29760999145368e-18,1.46055669865721,"BRDTP1",4.86311796777044e-05,0.753300450699092
"1042",2.02542687402287,"MYBL2",1.11388493038666e-18,3.1171422036912,"MYBL2",8.645882728731e-23,-1.15430585821289
"1045",-3.60014475936751,"IGHV3-53",1.2808746857767e-18,-2.63528353171436,"IGHV3-53",3.7246777881159e-06,-0.866037704828132
"1047",-3.70463692466952,"IGLV9-49",1.33963883479016e-18,-2.85175703810496,"IGLV9-49",1.48836824894878e-06,-0.747982080074196
"1049",-3.24075487147634,"H19",9.53835497072917e-19,-0.328359791412653,"H19",0.622709573986026,-2.87830423250484
"1050",-2.1100851397922,"CYP2C9",1.07682789422182e-18,-2.51821594954005,"CYP2C9",1.44697325418522e-14,0.503669396166564
"1052",-2.26312786964152,"FAM201A",1.39504966258323e-18,-1.44280430958562,"FAM201A",3.94379906391078e-05,-0.754961208443077
"1057",-2.86929270797229,"LINC01831",1.51035530662775e-18,-1.50006387514269,"LINC01831",0.00104221728701107,-1.30225976800024
"1060",-2.33344142453761,"AL161645.1",1.6295780447145e-18,-2.84805691759812,"AL161645.1",2.34194791847789e-12,0.619409473535722
"1063",-3.81842677349763,"IGLC2",1.08158204166861e-18,-2.91323937857014,"IGLC2",1.36674584319035e-06,-0.79856438343342
"1066",-2.07160270257997,"MIR429",1.81205207243375e-18,-2.3526927862325,"MIR429",2.79982642391928e-12,0.371984061759217
"1068",-3.48918568738099,"IGHV3OR16-8",1.83413069839357e-18,-2.47952953486701,"IGHV3OR16-8",1.24037189538867e-05,-0.915203113516922
"1069",-3.92634802863124,"IGKV1D-13",1.81205207243375e-18,-3.04218655527729,"IGKV1D-13",8.12090682325301e-07,-0.773920181996333
"1074",-3.42299400782509,"IGHV3-64",1.9573924107504e-18,-2.55758178005678,"IGHV3-64",2.68086412475692e-06,-0.768769029403
"1080",2.64106201839468,"BMS1P8",1.90777927454782e-18,2.97299109001141,"BMS1P8",2.34215199769833e-13,-0.390474695222269
"1083",-2.95185634992336,"FAM99B",1.91783631273795e-18,-2.70299288955289,"FAM99B",8.92466241746566e-08,-0.14814000136773
"1085",-2.02225811934523,"HSPB6",1.69412644859201e-18,-1.71362977617836,"HSPB6",2.35983718897192e-08,-0.235666582576416
"1087",2.84697432707456,"AL162582.1",2.3526599840743e-18,1.36702058113146,"AL162582.1",0.00369207918989426,1.46647192987581
"1091",-2.08600938651623,"VSIG2",2.20662423199283e-18,-1.96608190132202,"VSIG2",9.24382087257442e-09,-0.0398818747340412
"1092",-2.93785921587042,"IGHV3-63",2.67760471178475e-18,-2.33259335105963,"IGHV3-63",8.74919922678355e-07,-0.51493588029754
"1093",-4.5160571310451,"IGHV3-33",2.37112971339835e-18,-2.57408131101483,"IGHV3-33",9.64601933688407e-05,-1.84486964200036
"1099",-2.0157564204358,"RN7SL74P",3.12658180929148e-18,-0.969358157739245,"RN7SL74P",0.00258154422514922,-0.994320891192992
"1110",-3.98848627103622,"IGKC",2.5955564568522e-18,-3.02826239573272,"IGKC",4.8125440382091e-06,-0.850373298247533
"1121",-2.26224096535383,"CXCL2",2.44983411628736e-18,-2.11860671844664,"CXCL2",6.81414377831064e-09,-0.0593087639551504
"1124",3.07972624613038,"GPC3",2.83442779807965e-18,3.65524524976773,"GPC3",1.04639789669836e-11,-0.653208795817236
"1126",-2.3314672306122,"PRG4",2.89333759491192e-18,-0.704177331768848,"PRG4",0.0788046602175611,-1.58265354673478
"1129",2.24847120399503,"TRAPPC13P1",4.8634179375083e-18,0.398486554231803,"TRAPPC13P1",0.325314859006177,1.86368006437428
"1131",-3.34463971498101,"IGKV3OR2-268",5.25196536671789e-18,-2.68660108625923,"IGKV3OR2-268",8.83489657391627e-07,-0.557775126526931
"1133",-3.11274815508379,"IGHV3-71",5.68438351595601e-18,-2.30323968267095,"IGHV3-71",6.47940670455174e-06,-0.720002156862061
"1141",-3.76014853759498,"IGKV2-40",6.32347783362155e-18,-2.80752359815583,"IGKV2-40",4.01657844068058e-06,-0.848968330849744
"1147",-2.00147844677786,"SLC22A17",6.08786081831878e-18,-2.07768866132639,"SLC22A17",7.49039337692416e-11,0.159387529809624
"1149",-2.79507513793385,"DMKN",6.68763075764738e-18,-1.02328980517087,"DMKN",0.0123781085761861,-1.71819462999546
"1156",-3.20269058810015,"CYP2B7P",5.22696352918943e-18,-2.74953053232268,"CYP2B7P",1.04910472637564e-07,-0.351130742547978
"1162",-2.28290423907708,"TMC4",7.4727105782084e-18,-1.73746349059472,"TMC4",1.59373951573623e-06,-0.471810209783316
"1167",-4.09174923550164,"IGHV1-2",9.10893091207698e-18,-2.74456057639502,"IGHV1-2",4.06567679091406e-05,-1.24529880369168
"1171",-2.67761181378171,"WNT11",9.16988478724095e-18,-2.72372016896141,"WNT11",8.32387183652512e-10,0.147413425192662
"1175",-2.73983845034221,"ISLR",9.25812439164465e-18,-1.78756041819895,"ISLR",2.09628640195649e-05,-0.8772417650754
"1176",-2.06989484835847,"FCRL3",1.01009064231448e-17,-1.85438801372351,"FCRL3",2.51778916989262e-08,-0.138595373790931
"1177",-3.88182073162313,"IGHV1-3",1.09343613238717e-17,-2.69192937260668,"IGHV1-3",1.69267645444671e-05,-1.0894783441941
"1178",-4.23699334413257,"IGKV1-5",9.5491766108205e-18,-2.75123191517394,"IGKV1-5",9.13211026636004e-06,-1.38368437463493
"1190",4.38348981352992,"SSX1",1.4343252560342e-17,4.16538608176397,"SSX1",2.80792165052654e-09,0.126099300466998
"1192",2.97505513902467,"OSR2",1.45222540958116e-17,2.25204603348495,"OSR2",3.61910890770027e-06,0.684693323698596
"1196",-3.41753841695199,"IGHV4-34",1.46899824242271e-17,-2.17849236145457,"IGHV4-34",7.83213062282967e-05,-1.1530401711458
"1206",-2.02424719878298,"VSIG4",1.19713988975015e-17,-1.56215715978662,"VSIG4",1.12656741948232e-05,-0.393378625964999
"1224",-3.73401178140995,"IGHG3",1.76425296527576e-17,-2.55599829581266,"IGHG3",3.02907354312925e-06,-1.08141472007108
"1230",-2.96819532725557,"DEFB1",1.738722413048e-17,-2.26994728361626,"DEFB1",5.38604888511235e-07,-0.609675918508088
"1240",-4.31790043643475,"IGKV3-15",2.51290069016222e-17,-2.81577133658052,"IGKV3-15",1.58517872180105e-05,-1.39824105831201
"1249",-4.2207594514701,"IGKV3-11",3.40409122374805e-17,-2.91103268983671,"IGKV3-11",1.06606368790125e-05,-1.20316567020313
"1251",-2.36711439770679,"IGHV3-60",4.57337542004775e-17,-1.70458678241011,"IGHV3-60",2.33677735872876e-05,-0.589819602660183
"1255",-2.6639971770351,"IGHV1OR15-9",4.92818992962674e-17,-2.3078023185552,"IGHV1OR15-9",4.52463731101752e-07,-0.266560514584754
"1270",4.89825000846791,"SPINK1",4.34877519223486e-17,6.15291609210616,"SPINK1",1.38496355924957e-14,-1.40244094743725
"1280",-5.81250721082243,"LINC01488",6.43138598737274e-17,-4.74665932213936,"LINC01488",6.26475286780403e-07,-0.907778799557469
"1287",-4.24153331466644,"IGHG1",6.1932652755572e-17,-3.04992051645046,"IGHG1",3.2932728201026e-05,-1.08115449058323
"1293",-2.11113586459338,"VNN3",6.12586275996797e-17,-1.18500781717724,"VNN3",0.000492172891919241,-0.867999509533824
"1297",-2.6180036756766,"UNC93A",8.38898141788303e-17,-1.05062210107076,"UNC93A",0.00950632394544301,-1.51302392293409
"1298",-4.08810834598198,"IGHV4-31",1.04774550892497e-16,-2.46574212419405,"IGHV4-31",0.000272124813712829,-1.52830005989576
"1299",-2.07461350702824,"FOS",6.54719479789382e-17,-2.43417885203101,"FOS",1.88167034454105e-12,0.452745836072111
"1303",2.20382860154781,"TDGF1",9.47970750945862e-17,1.07276753589774,"TDGF1",0.00710055883857703,1.12583604042958
"1304",-4.35083288814638,"IGHV4-4",1.09551977919792e-16,-2.5819522569396,"IGHV4-4",0.000437640838638203,-1.67155359308614
"1305",2.03475027086316,"HIST2H3C",1.17170191610598e-16,1.76855499035771,"HIST2H3C",2.65260945618185e-07,0.241446340143345
"1309",-2.48755338177347,"S100A12",1.25157083242834e-16,-1.84819118086437,"S100A12",1.84526427720088e-05,-0.562624624256447
"1319",-2.08793582325162,"HP",1.51471947776349e-16,-1.93423682777345,"HP",3.1391044781291e-08,-0.0745469632359695
"1323",-2.35387402039885,"GUCA2B",1.68756797938513e-16,-1.00995436345467,"GUCA2B",0.01271831473924,-1.29070314895522
"1329",-2.15616027669548,"C11orf96",1.11238499334916e-16,-1.79657232869147,"C11orf96",1.80408129797531e-06,-0.284298805184235
"1335",-2.06426315643363,"RETREG1",1.24193875448763e-16,-3.2640719193702,"RETREG1",1.26059930027374e-13,1.31627619561356
"1348",-4.03870663357017,"MUC5B",2.14872061955072e-16,-3.78097904119035,"MUC5B",4.94379200213413e-08,-0.12675565733242
"1355",-3.8582049167223,"IGKV2D-28",2.24570462432228e-16,-3.35771675210822,"IGKV2D-28",3.96257909181536e-07,-0.381393041891645
"1359",-4.14906371613936,"IGKV1-8",2.58869170241326e-16,-3.07630852268969,"IGKV1-8",4.89116102642664e-06,-0.961556433842296
"1368",-2.36684173941486,"AC009878.1",2.99788327552894e-16,-2.15402084215855,"AC009878.1",1.83223875748374e-07,-0.127501687927438
"1371",2.17311163150641,"MKRN3",2.94814885021385e-16,2.42039036140156,"MKRN3",2.19307579839537e-10,-0.29031828241042
"1372",-2.12000570229608,"HNRNPA1P70",3.15513065935965e-16,-1.76206987805203,"HNRNPA1P70",1.10673663017333e-06,-0.283614826098549
"1377",-2.31447821661197,"MT1X",1.87917313100897e-16,-2.57970147045475,"MT1X",4.02818155515312e-11,0.362487134509158
"1381",2.20907910768645,"HIST1H4E",3.3475646808646e-16,1.74113782127621,"HIST1H4E",5.90261753665155e-06,0.443961676508377
"1386",-2.6510037281951,"GJB3",3.87407668313239e-16,-1.99539305941392,"GJB3",1.69741251382528e-05,-0.574742582204748
"1388",-3.34525866302812,"AC135068.2",4.09915990349835e-16,-1.22991625173163,"AC135068.2",0.029010140846261,-2.05595373504898
"1389",-2.88745610344343,"IL1RL1",3.71657798382101e-16,-2.29519891353284,"IL1RL1",6.10494105249758e-06,-0.502976499718991
"1390",-4.01822463230027,"IGHV7-4-1",3.78607285798775e-16,-2.13450038980864,"IGHV7-4-1",0.00125959965408293,-1.79895278039902
"1397",-3.96786577527113,"IGHV3-64D",4.36691441383894e-16,-2.60118402839893,"IGHV3-64D",0.000126951391616426,-1.26881506195053
"1399",-2.21213154203001,"FAM43B",4.5772257782901e-16,-2.02355822473408,"FAM43B",2.21702673462969e-07,-0.106914911356688
"1411",-2.82571230552406,"IGHV1OR16-1",5.40225777409152e-16,-1.90018262765921,"IGHV1OR16-1",0.000111683691992697,-0.847333212310414
"1436",-2.33476069133086,"LONRF2",4.977409235636e-16,-1.79729971258383,"LONRF2",3.07596694661732e-07,-0.462151425410654
"1438",-2.04891403489628,"FMOD",4.98832251082757e-16,-1.17416532513288,"FMOD",0.00036835495858021,-0.816924414064873
"1458",-2.61654411548048,"AC134879.2",1.01694098104376e-15,-2.38988136702235,"AC134879.2",2.96878363105169e-07,-0.134725252405087
"1466",3.82408756870404,"AKR1B10",6.94793721480597e-16,4.43203976253008,"AKR1B10",2.20074938782477e-10,-0.707438973077812
"1471",-3.0652697794059,"LUM",6.75524818082597e-16,-2.0367026902878,"LUM",5.4745384115822e-05,-0.946539847224132
"1472",-2.92851629366184,"PTGDS",7.71205101929369e-16,-2.01277895742183,"PTGDS",2.26372265223247e-05,-0.834381398387744
"1501",-2.55017549077803,"CYP3A7",9.46952542919972e-16,-0.676407751870308,"CYP3A7",0.186853837189528,-1.82991060596728
"1503",-2.26520228089601,"RND2",1.45465780624695e-15,-1.01214398091738,"RND2",0.0123185407340923,-1.19978035094864
"1523",-2.02170240391936,"FPR1",1.66110385491432e-15,-1.34058668102984,"FPR1",0.00037866814444119,-0.618621615441072
"1524",-2.55840350663499,"PTGS2",1.6547558972986e-15,-2.07897798831736,"PTGS2",1.2545766714999e-05,-0.396212024320342
"1527",-3.43926396623271,"CYP26A1",1.86353194663037e-15,-2.82925384986786,"CYP26A1",1.17997847885998e-05,-0.505743753190603
"1533",-4.28839338013017,"KRT16P1",2.44537109905575e-15,-4.1381815617742,"KRT16P1",9.08245863733987e-08,-0.00921671940190865
"1581",-2.14611016470072,"AC254629.1",4.39022078746131e-15,-2.9279058327014,"AC254629.1",1.01017324112741e-12,0.888830222709637
"1582",2.05789877371999,"THSD8",3.94159039299471e-15,1.82010036444343,"THSD8",2.12305919170165e-07,0.211603096889289
"1584",-2.69106792344296,"MT1JP",3.98860587428774e-15,-2.82675181528086,"MT1JP",7.01520203722418e-08,0.239880047493105
"1588",2.24592782690927,"KRT17P8",3.93825719858848e-15,2.33815733917549,"KRT17P8",7.70275893263678e-08,-0.132961592093546
"1589",-2.13935466093881,"CD69",3.57305998282704e-15,-1.78491541123049,"CD69",3.76488928201384e-06,-0.279477201989013
"1616",2.2953665509175,"AC245100.6",7.04308188785248e-15,1.19650489788585,"AC245100.6",0.00542920927045152,1.09016453624093
"1624",-2.51146878410158,"IGHV1-12",7.58448513091137e-15,-1.94628621272278,"IGHV1-12",2.58510035238638e-05,-0.485692431331189
"1627",-2.44941151797414,"CH25H",6.47332135287554e-15,-2.72267215574995,"CH25H",8.73073872244332e-09,0.374536300358562
"1634",-2.23592955676574,"NNMT",5.06162751831134e-15,-1.44706894048334,"NNMT",0.00038210626150146,-0.723378598396171
"1636",-2.88043873425354,"AC136428.1",8.90091734606054e-15,-1.89001320834638,"AC136428.1",0.000403067927596904,-0.912514416000386
"1665",-2.70721380271351,"AL138826.1",1.09858259779244e-14,-0.913842048362218,"AL138826.1",0.0659458811133934,-1.74285217438525
"1666",-2.90129592072948,"NTS",1.16930630516573e-14,-2.4575707434062,"NTS",4.09629931447288e-06,-0.349888305775556
"1671",-2.03156214294684,"HBB",8.06588608204425e-15,-1.81998506097159,"HBB",1.97854556203023e-06,-0.13563097387773
"1678",-2.71229239676399,"AC011611.3",1.46966623622167e-14,-2.22974712748782,"AC011611.3",1.44784559720198e-05,-0.395101167411106
"1681",-2.0707621497192,"CCL2",8.4210146981971e-15,-1.83482622335512,"CCL2",3.16229316833704e-06,-0.159573372708191
"1687",-2.46664790080554,"C19orf33",1.63778144843381e-14,-1.92526238626878,"C19orf33",3.12018961921162e-05,-0.462485306660258
"1700",3.57692617286383,"PAGE4",1.80060191882831e-14,1.07201704199944,"PAGE4",0.143265912465232,2.49970516463123
"1718",-2.44140962314831,"IGKV1D-42",2.38186524150282e-14,-1.48928306204537,"IGKV1D-42",0.00103875106067809,-0.885460007735549
"1723",2.61746435887792,"AL365181.3",1.93361781526841e-14,1.67130746696299,"AL365181.3",0.000213983466017186,0.924136733715136
"1725",-2.01324018987484,"LINC00313",1.97823895495154e-14,-2.22963914369817,"LINC00313",1.49222066900282e-09,0.303840025644762
"1732",-2.46732317038111,"AC004264.1",2.73240002658146e-14,-1.38240460370196,"AC004264.1",0.00213912922602583,-1.02125104115825
"1736",3.52493842524334,"ALDH3A1",2.31676594728074e-14,1.77686963429196,"ALDH3A1",0.0160850773379753,1.72308654025641
"1738",-2.23560313042991,"GCNT1P3",2.83416517150963e-14,-1.63782100340486,"GCNT1P3",0.000115852225079416,-0.526947573582603
"1746",-3.29245236685815,"MMP7",2.56220260311944e-14,-3.15264068051027,"MMP7",2.09030009263832e-07,-0.0264710333184375
"1748",-3.24893127801923,"FAM83A-AS1",2.96664624735512e-14,-1.71412156846172,"FAM83A-AS1",0.0080505145662701,-1.46183414919136
"1753",2.96630514548651,"TRIM55",2.13161767572128e-14,1.90779110894431,"TRIM55",0.000491554794454123,1.02985810684519
"1781",-3.61369097572145,"MT1H",3.28017830731589e-14,-3.25292891161375,"MT1H",1.39870889428307e-05,-0.244607306136847
"1794",4.21961169989511,"DCAF4L2",5.03545262325251e-14,3.00259008068656,"DCAF4L2",0.000151761053576823,1.15764544285516
"1802",-2.61456823273837,"FOSB",3.00120361835002e-14,-2.71512500793625,"FOSB",4.02032232487663e-07,0.201620663520358
"1807",2.03247507016062,"Z82246.1",5.76038657548979e-14,1.41674015232307,"Z82246.1",0.000284238790133001,0.60085796208701
"1812",3.51272678968172,"PPP4R3C",6.28682274076309e-14,3.51625993771043,"PPP4R3C",5.75387154586213e-08,-0.0773229885478637
"1823",2.78609451766202,"SLC22A11",6.25757940952315e-14,1.7719413659494,"SLC22A11",0.0012005891984127,0.989309189071418
"1839",-2.21121168917263,"IGLV1-41",9.73044461877042e-14,-1.49193857325964,"IGLV1-41",0.000518726955565647,-0.652532048446111
"1854",-3.50671002006596,"PZP",8.3472268838286e-14,-3.0941724589973,"PZP",8.12740876932451e-06,-0.300837536348888
"1859",-3.0784912759301,"IGLV4-60",1.16576462125635e-13,-2.83938291832897,"IGLV4-60",2.71309538304928e-06,-0.134557771031032
"1860",-2.93968133737729,"IGHV2-70D",1.19190443962537e-13,-1.86165212993701,"IGHV2-70D",0.000867859563787194,-1.00091391425115
"1862",-2.13021134291014,"HMGB3P7",1.21925568994489e-13,-2.31995359841124,"HMGB3P7",1.00225912006657e-08,0.27971756639019
"1866",-2.36537687861408,"IGHV1-45",1.25016151757105e-13,-1.68754297571053,"IGHV1-45",0.000218888162298759,-0.605604142402184
"1881",-2.22068480174664,"B4GALNT4",1.39261807865029e-13,-1.33541541732984,"B4GALNT4",0.00185704082005267,-0.822920383513471
"1886",-3.70537452351706,"IGKV1-39",1.49562570990289e-13,-2.83943250405943,"IGKV1-39",5.5079843891762e-05,-0.761390041503441
"1890",-2.37615871887989,"IGKV1D-35",1.57488529502708e-13,-1.66295147806596,"IGKV1D-35",0.000344047641836625,-0.641667521948325
"1896",-3.10978705181359,"CYP2A6",1.02584138827894e-13,-3.16332043346673,"CYP2A6",6.46310732846691e-08,0.167173710379692
"1915",2.68183995015807,"SFN",1.73684400305488e-13,1.74954917239012,"SFN",0.000960365830286038,0.908075143913195
"1927",2.19833039088632,"IRX3",2.1205230835033e-13,1.26125289060194,"IRX3",0.00532161077443479,0.926563543728476
"1929",2.05560157716769,"AC019129.1",2.49877809765781e-13,0.0721873321682631,"AC019129.1",0.887359105365117,2.00626567166777
"1933",2.04710173308643,"CAMK2N2",2.37921470534402e-13,1.09620217003319,"CAMK2N2",0.00696523252110698,0.945016957985194
"1939",-3.80415888020972,"IGKV2-29",2.54504669909305e-13,-3.03644582531182,"IGKV2-29",9.80188901103571e-05,-0.657632849406346
"1946",2.06572559635709,"FAM96AP2",3.03602803019099e-13,2.74318993553527,"FAM96AP2",5.69474204819121e-12,-0.72956170303043
"1999",-2.11043909400028,"KRT5",5.1801956081509e-13,-0.925740763210976,"KRT5",0.0266908609574222,-1.13384487084668
"2009",-2.25473457125273,"IGHV1OR15-2",5.73606366531746e-13,-1.88055916928597,"IGHV1OR15-2",2.64955216539339e-05,-0.296529574015242
"2015",-2.3843778776798,"IGKV1D-37",5.92274100182696e-13,-1.54928954008397,"IGKV1D-37",0.00111126128201732,-0.766737992177199
"2030",-2.38085917626482,"MTATP6P25",6.65402827176236e-13,-1.42874783618229,"MTATP6P25",0.00267560743842067,-0.887143415520896
"2042",-3.77028438612603,"IGHV5-10-1",6.65402827176236e-13,-2.32502059061305,"IGHV5-10-1",0.00122277358326825,-1.35514630395487
"2048",3.10891121682034,"MAGEC1",7.41867029450811e-13,2.34790534136109,"MAGEC1",0.000159584144220144,0.720000265021029
"2053",2.54254999750089,"DCAF8L1",7.92219492958885e-13,2.52030993423125,"DCAF8L1",4.16807243197149e-07,-0.0236032495727356
"2062",-2.05230341308183,"IGLV1-50",8.27242248294556e-13,-1.75536142207516,"IGLV1-50",2.23654357851862e-05,-0.222809233284856
"2066",-2.54676506507761,"CXCL1",7.07453225353363e-13,-1.73096019056213,"CXCL1",0.000441778510187325,-0.74235681952919
"2097",-2.12421101721385,"AP006285.2",1.080234555002e-12,-1.90443452316432,"AP006285.2",1.59247955419458e-05,-0.141460719578986
"2101",3.56330275312015,"LINC01419",1.07947386729258e-12,3.2627024439022,"LINC01419",4.56328875464736e-06,0.233925335402558
"2108",-2.3032579916848,"LCNL1",1.17031504427616e-12,-1.66031822521335,"LCNL1",0.0002842542451223,-0.571473937131894
"2109",3.09009320829738,"ODAM",1.22524598913104e-12,1.42353853021704,"ODAM",0.0336466139472216,1.65148695868172
"2110",2.77994841111446,"CYP17A1",9.38205036748972e-13,1.14013649121835,"CYP17A1",0.0477788953321229,1.63269651025085
"2111",-2.20740542167923,"FCGR3B",1.05860866359018e-12,-1.2546674551128,"FCGR3B",0.00528278708485075,-0.89265476731284
"2152",-2.43884722794002,"POU6F2-AS1",1.72160888453229e-12,-1.82013026375022,"POU6F2-AS1",0.000393813731734083,-0.542766781677443
"2154",-2.46797195416095,"IGKV2D-30",1.87996424942195e-12,-2.06483698606687,"IGKV2D-30",4.86491099265301e-05,-0.320318273041911
"2156",-2.22049100797824,"HNRNPA1P22",1.85242154458368e-12,-1.96457572934303,"HNRNPA1P22",2.81128634121077e-05,-0.175911931618738
"2159",-2.03866612186116,"ALDH1A3",1.45395145329759e-12,-1.34625720467386,"ALDH1A3",0.000840343612616593,-0.629755693874194
"2165",-2.10366901036146,"SLC10A1",1.09673038252053e-12,-2.69532911040738,"SLC10A1",7.5487185508071e-11,0.692168512093239
"2167",-2.28509265623203,"ADH4",1.36556224367258e-12,-3.21962914885739,"ADH4",1.22729019312298e-13,1.04975685354993
"2247",-2.17917461304801,"PCK1",2.7451465063684e-12,-2.95349320484627,"PCK1",3.81876202822829e-12,0.882071132552024
"2252",-2.27089172792962,"AC135068.9",4.36285532171259e-12,-1.92890750611909,"AC135068.9",5.0188319821453e-05,-0.262981731246719
"2256",2.26495307291812,"HAGLR",4.19913305380016e-12,4.08692988928982,"HAGLR",2.70303188231495e-19,-1.91177975347242
"2274",-2.40057930017274,"IGKV1D-17",5.11662260250853e-12,-1.8334966038721,"IGKV1D-17",0.000377717608017095,-0.490757451995173
"2279",-2.02950781567654,"AC074250.1",5.58355783983201e-12,-1.43881793307962,"AC074250.1",0.000774521088228791,-0.525439389391612
"2289",-3.28089125963736,"IGKV3D-15",5.69630891857004e-12,-2.56096819611801,"IGKV3D-15",0.000177457639696862,-0.623184841739361
"2298",-2.52205673191468,"FGF23",5.74301534615483e-12,-2.96192618301476,"FGF23",3.6892407216471e-08,0.547858622665591
"2302",-2.61670270716197,"IGKV1OR10-1",6.85593162944006e-12,-2.68021488750608,"IGKV1OR10-1",1.05837414352734e-06,0.163596484708164
"2304",-2.32314946717383,"IGLV5-37",7.01397578065624e-12,-1.7922430719006,"IGLV5-37",0.000160411186657371,-0.455738732140491
"2309",2.04875413955212,"NXPH4",6.90880704828904e-12,2.50392735485821,"NXPH4",1.76062764048706e-09,-0.500556830165368
"2311",-2.59318686614922,"AVPR1A",4.40854202080725e-12,-1.69853718633963,"AVPR1A",0.00214765069809988,-0.822111419874961
"2315",3.90953885153856,"XAGE1A",7.60211260882501e-12,3.68562195906033,"XAGE1A",3.96150543083547e-06,0.145374724632889
"2332",2.76944675448095,"EPS8L3",6.94353999900166e-12,2.25215395321815,"EPS8L3",4.23650287016765e-05,0.478973991175479
"2353",-2.39426919597559,"BEX2",9.03614149781807e-12,-0.547259836243159,"BEX2",0.259398361786085,-1.80677613942401
"2370",2.17890175855385,"AL365181.2",1.02038277984376e-11,1.32607590175369,"AL365181.2",0.00280389777505956,0.840492955448918
"2379",-2.73797586856137,"IGKV1D-43",1.2244536528249e-11,-2.37485688525564,"IGKV1D-43",3.35540995755318e-05,-0.271603076784345
"2406",2.15497523171129,"AC079466.1",1.30340627688735e-11,3.13690456476121,"AC079466.1",2.26998059221196e-13,-1.04507439683086
"2407",-3.3155503367009,"IGKV2D-40",1.76439870708392e-11,-1.55680310643524,"IGKV2D-40",0.0272675450653495,-1.69018605288834
"2408",-2.08933130695533,"IGHV4-80",1.7625438425738e-11,-1.26750270222997,"IGHV4-80",0.0049541146731365,-0.761385246239334
"2421",-2.32796941970898,"FAM151A",1.5560164211691e-11,-0.546388836954666,"FAM151A",0.316614147725869,-1.74137180283511
"2496",-2.08080427563105,"IGKV1OR9-1",3.63098334264671e-11,-1.82788385154926,"IGKV1OR9-1",4.81403392480098e-05,-0.176752674567813
"2519",-2.71514950346435,"DES",4.24678233888483e-11,-2.35547337559611,"DES",6.90501038487462e-05,-0.26870412594777
"2527",-3.06703980367173,"KRT16P2",4.84118902853932e-11,-3.5082108505685,"KRT16P2",2.41592319080521e-07,0.564489059797547
"2533",2.08170252868953,"SOX2",4.89939381319018e-11,2.34703210281426,"SOX2",1.2177139155509e-07,-0.306310681339765
"2536",3.14530254473731,"SLC22A12",4.72469584262035e-11,2.21147831993553,"SLC22A12",0.00160509979919872,0.896646779950998
"2548",2.43047037039242,"DEFB132",5.31952680842262e-11,1.00717569003386,"DEFB132",0.0747560543503275,1.41991017356711
"2555",2.88309783953807,"IGF2BP1",5.05859097423084e-11,4.49127171748001,"IGF2BP1",3.77648088015794e-14,-1.70932271599443
"2557",-2.0763399105268,"ADCY1",3.63518315107413e-11,-1.90901928070019,"ADCY1",0.000101742981927724,-0.0888762062743653
"2577",2.58306324354338,"CST1",7.19362645260376e-11,1.3281038076895,"CST1",0.0265352430645496,1.24256963111475
"2586",2.25817704753469,"AC105118.1",7.80105282512124e-11,2.02092088926177,"AC105118.1",4.79535683093353e-05,0.205425787564151
"2622",-2.18956185432948,"COX6A2",8.86329914414085e-11,-2.57375951336855,"COX6A2",1.47434960281644e-07,0.481294807371913
"2657",-2.45592418657538,"AP1M2",1.05439462436264e-10,-0.512622790347876,"AP1M2",0.339968162724536,-1.90404009735929
"2665",3.34004072394925,"LINC01667",1.27467018967765e-10,3.82802809160263,"LINC01667",8.65586620332063e-08,-0.570525475968155
"2679",-2.6598746963527,"DEFA1",1.41726071172505e-10,-2.01125107496011,"DEFA1",0.000770269071739179,-0.567310556183886
"2681",2.02415421183422,"PFN1P11",1.36447938391769e-10,0.790353092702714,"PFN1P11",0.0970098383270708,1.23650069155698
"2706",-2.51079549275333,"AP000851.2",1.66415367860462e-10,-1.72162511191613,"AP000851.2",0.00228026678035868,-0.715984269756561
"2707",2.17817372521611,"DKK4",1.68223533439487e-10,1.18702908714446,"DKK4",0.023688239515528,0.982713414153281
"2724",2.37070249512527,"VCX",1.88011495638192e-10,2.10349822211809,"VCX",5.96381166387931e-05,0.233056768195211
"2726",-2.02306477714792,"MRGPRF-AS1",1.8107390674956e-10,-1.68245096918762,"MRGPRF-AS1",0.00032297631890547,-0.268526930034089
"2738",-2.34053842808634,"TMEM92",1.56393889863712e-10,-0.638263492777063,"TMEM92",0.226552103235385,-1.65948813681207
"2774",-2.14814809026914,"CTSE",2.53492695415708e-10,-1.68150573152577,"CTSE",0.000581523104397106,-0.394582004347844
"2811",2.88391211524479,"AC007423.1",3.41184058720129e-10,-0.127074827395054,"AC007423.1",0.887782302383906,3.03942969963372
"2815",-2.82931754855569,"CEACAM6",3.89283205939931e-10,-2.64876534423327,"CEACAM6",5.27053920745062e-05,-0.0813503795290529
"2863",-2.09843188205877,"IGHV3-35",5.30753329728627e-10,-1.43479109118182,"IGHV3-35",0.00325234681203653,-0.598503291544984
"2876",3.34322651066134,"MAGEA3",5.67579426346329e-10,3.60024204988828,"MAGEA3",1.68081259126781e-06,-0.333161932197656
"2894",2.16336622477259,"LINC02404",6.41650540390074e-10,1.04041347893655,"LINC02404",0.0517227043966809,1.11863558099525
"2927",-3.86176024540113,"IGLV8-61",6.64931811180091e-10,-3.29674638869726,"IGLV8-61",6.66801401164781e-05,-0.447629572821311
"2946",-2.54428937085481,"CYP2E1",5.7822005532402e-10,-3.18312279170863,"CYP2E1",1.14876465096901e-08,0.753029407144245
"2955",-3.11222678209438,"APOA4",6.83146113201941e-10,-2.70233607682752,"APOA4",1.48217308878433e-05,-0.309185676541688
"2957",-2.71414069133574,"CYP3A4",5.68041716520988e-10,-4.6061745979897,"CYP3A4",4.51865453207868e-15,2.04616097035871
"2977",-2.28650119668833,"ARL14",9.95431766109581e-10,-2.54162401832044,"ARL14",3.84335937571239e-06,0.351318242469968
"3041",2.50711908833219,"LCN2",9.62304715757427e-10,1.86487744062756,"LCN2",0.00155143154671992,0.614789882890536
"3080",-2.00736507449977,"IGKV1D-27",2.23074932316937e-09,-1.39822671507906,"IGKV1D-27",0.00477786405347894,-0.54502686274467
"3113",-2.085576458468,"CYP8B1",1.31396162906985e-09,-2.98703975620161,"CYP8B1",4.28826335410581e-10,1.01015716046402
"3120",3.11029895202737,"MAGEA6",2.70236420811925e-09,3.6713768140173,"MAGEA6",3.40000017332367e-07,-0.639220308625558
"3161",-2.15872155901581,"IGHE",3.33644445793825e-09,-1.18597724869107,"IGHE",0.0266030073363554,-0.914588570028109
"3164",-2.01418561870974,"LIF",2.21681890879842e-09,-1.3091713140317,"LIF",0.00499547461895081,-0.643401717808157
"3167",-2.37217144927034,"TCN1",3.55393235753184e-09,-1.8393221349449,"TCN1",0.00172979200388558,-0.456360604620314
"3182",-2.10378117926622,"IGHV1-69-2",3.977935539811e-09,-1.0133236964314,"IGHV1-69-2",0.0533839556537725,-1.03714643078545
"3191",-2.14211064079366,"TPSAB1",3.37980934735011e-09,-1.14865284457311,"TPSAB1",0.0377079350542789,-0.936349385096125
"3233",-2.04726990703282,"PLEK2",3.40419043355524e-09,-1.19078761124996,"PLEK2",0.00781020212801905,-0.798191575888942
"3281",2.10382187559816,"TM4SF20",5.71277056210185e-09,1.54011237975049,"TM4SF20",0.00351648397033789,0.54537069426521
"3332",-2.15567881549036,"KRT6C",8.33192370875437e-09,-1.00490708381638,"KRT6C",0.0604784080487259,-1.09769685121613
"3350",-2.38520707325559,"MYBPH",7.26718439254946e-09,-3.00861572689311,"MYBPH",5.71228555592719e-07,0.732707941800907
"3394",2.16959636671481,"KRT20",1.18791343417584e-08,1.59627698871573,"KRT20",0.00418059882639593,0.553404587869585
"3460",3.53800964720781,"REG3A",1.56933892911151e-08,2.13400785458023,"REG3A",0.0273100512068377,1.36899818230325
"3483",-2.06453614176069,"SERPINB2",2.01834007415795e-08,-1.82843492566825,"SERPINB2",0.000818234782227491,-0.1599180033443
"3503",-2.25114904903614,"CXCL5",1.92910442217471e-08,-1.28119373357464,"CXCL5",0.025798899053782,-0.909127784291041
"3582",-2.26186330999396,"KRT16P3",3.46025597291786e-08,-2.8508189976172,"KRT16P3",2.14381704920163e-06,0.693827172536856
"3926",-2.00156246414906,"GCK",1.53289096817004e-07,-1.55087713042463,"GCK",0.00519356516881076,-0.382290440248928
"4131",2.07640669300936,"LINC01287",4.01796273011379e-07,2.4360850313194,"LINC01287",3.25777251489331e-05,-0.403158285951274
"4318",2.0272108828325,"CLGN",8.74696785619613e-07,2.0660123529456,"CLGN",0.000313748029161358,-0.0718971150157794
"4348",-2.82698342542978,"CHRNA4",8.51230686298566e-07,-3.56465956655199,"CHRNA4",0.000170604783971052,0.862578114661614
"4369",2.13649900387079,"S100P",1.1958337507063e-06,2.89036121430828,"S100P",9.83029805388498e-07,-0.810089225578549
"4425",2.23697568423205,"PGC",1.80518641242483e-06,2.02546067047762,"PGC",0.00287290094735858,0.179557256007203
"4729",2.09665905575661,"REG1A",5.39397647878319e-06,1.07826988978032,"REG1A",0.132709398423735,1.01300974376345
"4888",-2.32896785673541,"PLA2G2A",3.78335733942495e-06,-0.668838630199439,"PLA2G2A",0.375548540135611,-1.616484484446
"4908",2.10208276783681,"CTAG2",9.52387154446726e-06,2.44026346277879,"CTAG2",0.000239346890938756,-0.381777890085617
"5195",-2.0034692295106,"IL6",1.88722999532837e-05,-1.16320603106677,"IL6",0.108856472666239,-0.782746422413827
"5321",-2.30573728281737,"IGHJ6",3.2507831434457e-05,-1.98427318032627,"IGHJ6",0.0141301708799669,-0.240908041626401
"5399",2.06439976829897,"AC127459.1",3.99005681269331e-05,1.74716605959229,"AC127459.1",0.0192173366649499,0.293084945405195
"5647",-2.6065273238705,"MYH4",8.24337394151372e-05,-0.269062439014143,"MYH4",0.786935713712653,-2.30503793116183
"6024",-2.37778824447136,"RSC1A1",0.000246596809183531,-2.5359914601737,"RSC1A1",0.0108936194507873,0.254240585993896
