"","Gender","ENSG00000012817.15","ENSG00000067048.16","ENSG00000129824.15","ENSG00000129864.6","ENSG00000131002.11","ENSG00000176728.7","ENSG00000198692.9","ENSG00000225840.2","ENSG00000229549.9","ENSG00000233803.9","ENSG00000236424.7","ENSG00000238074.5","ENSG00000258992.6","ENSG00000267793.1","ENSG00000271375.1","ENSG00000273906.1"
"RK002-adjacent-XY","M",5.50080872287617,6.14384622177674,6.6822159388653,-6.24692006952132,5.56402512154627,1.53218302056029,4.19482671708926,1.47838111735563,-6.13668287641769,-6.1672832003202,-6.18766547892398,-6.20276054796571,-6.18127347393256,-1.15768225448007,-1.02114221338106,-0.574206808331202
"RK002-tumor-XY","M",6.23904086046717,5.76984450778597,7.39406658159353,-4.06537587093754,5.33461825203745,1.90457787450887,4.08125739749867,1.53034691528557,-0.539672342315535,0.340731416257511,-1.17564831224011,-1.96439825108888,-6.6265449822329,-1.38614237370726,-6.59104144951011,1.68940320831384
"RK003-adjacent-XY","M",4.09825667083843,5.71794851815499,6.78708219541239,-5.2558445039887,2.79933171981372,0.964174717197361,4.270322343336,4.46414202254253,-5.14560731088506,-5.17620763478758,-5.19658991339136,-5.21168498243309,-5.19019790839994,-5.3760600545764,-1.80959355309542,0.596653928129793
"RK003-tumor-XY","M",-0.294316779973528,0.551465273520972,2.43793115777204,-6.09851910377424,-0.928964858826694,-3.7853904781967,-0.943385424565581,9.07721855101235,-5.9882819106706,-6.01888223457312,-6.0392645131769,-6.05435958221863,-6.03287250818548,-6.21873465436194,-2.77036914985174,-3.99018176722616
"RK004-adjacent-XY","M",6.26809042416961,5.84799145782244,6.91334089629603,-5.57718090974752,6.04080789279011,1.50562760198148,3.59863674406491,6.10910797799106,-5.46694371664388,-5.4975440405464,-5.51792631915018,-5.53302138819191,-5.51153431415875,-0.653002340976764,-1.68928618501824,-1.51673548748811
"RK004-tumor-XY","M",5.17679517938317,4.76723743868541,6.40186881745533,-6.66250910849892,4.35273032937352,1.1957965090459,3.72410432937963,1.57614460064088,-6.55227191539528,-6.5828722392978,-6.60325451790157,-6.61834958694331,-6.59686251291015,-3.32329304044932,-6.56135898018737,-2.00600911269353
"RK005-adjacent-XY","M",5.23621930277564,5.92233791317503,7.74582295202185,-5.19426484858092,5.12172723206601,2.86438317017946,5.15551182919814,1.26042078387692,-5.30450204168456,-5.27390171778204,-5.25351943917826,-5.23842437013653,-5.25991144416969,-2.75212120310586,-5.29541497689247,2.00801059653052
"RK005-tumor-XY","M",4.99670789617001,4.78244904089064,6.34547085205418,-5.70652828159665,4.53539536231937,0.642121190597793,3.16360443191404,0.748157350861193,-5.81676547470029,-5.78616515079777,-5.76578287219399,-5.75068780315226,-5.77217487718542,-4.0013502302878,-5.8076784099082,-3.17100942837001
"RK007-adjacent-XY","M",5.64325923255616,5.55526356683086,6.65578501192935,-5.98351699161633,5.31682752825429,1.78247058549973,4.2267726356136,1.40679729775359,-5.87327979851269,-5.90388012241521,-5.92426240101899,-5.93935747006072,-5.91787039602756,-1.4598763524293,-1.84241415574238,0.330528639689104
"RK007-tumor-XY","M",2.44804964906434,5.24314876836029,7.81702892460363,-5.73564710245819,4.79233493783804,2.00374627782146,4.63720279453306,3.9985458260444,-5.62540990935455,-5.65601023325706,-5.67639251186084,-5.69148758090258,-5.67000050686942,-3.04850773098828,-5.63449697414663,-4.33603816021957
"RK014-adjacent-XY","M",5.89274974981867,5.51441570316221,6.92904593233131,-4.83214316547207,5.17091829432556,2.26527348327334,3.09242960811108,2.93815263524703,-4.72190597236843,-4.75250629627095,-4.77288857487473,-4.78798364391646,-4.76649656988331,-3.36739621533861,-4.73099303716052,1.35351381541992
"RK014-tumor-XY","M",4.79047803440402,4.95270716931189,5.80697140866916,-5.57715341323029,4.15222090955988,-0.0940997862104336,1.49844410404749,2.22001316347328,-5.46691622012665,-5.49751654402917,-5.51789882263295,-5.53299389167468,-5.51150681764152,-2.89001404176038,-2.9396549111952,-2.32740918386551
"RK015-tumor-XY","M",6.55547454971412,5.59800834077811,6.99697159670871,-5.54220939245061,6.00498885235355,2.40322801586178,3.67395426151325,3.85107569534309,-5.65244658555425,-5.62184626165174,-5.60146398304796,-5.58636891400622,-5.60785598803938,-2.61463891980531,-5.64335952076216,2.59619386949445
"RK016-adjacent-XX","F",-3.50029591774237,-2.88039527166419,-1.31295952573463,-5.0068176929024,-2.87288735768557,-5.01561716221222,-3.02470541609786,2.96049571887826,-4.89658049979876,-4.92718082370128,-4.94756310230505,-4.96265817134679,-4.94117109731363,-5.1270332434901,-4.90566756459085,-1.12647497364404
"RK016-tumor-XX","F",-4.36293142870056,-3.74303078262239,-3.06867983277631,-5.86945320386059,-4.47248846280997,-5.87825267317041,-2.59633174999663,1.59202054155575,-5.75921601075695,-5.78981633465947,-5.81019861326325,-5.82529368230498,-5.80380660827182,-5.98966875444829,-5.76830307554904,-0.450748521905655
"RK019-adjacent-XY","M",5.06856949595303,6.28747243110276,6.59072191804169,-5.3931550960587,4.9258351122785,2.24581458629272,4.22218741609553,1.28063698835679,-5.28291790295506,-5.31351822685757,-5.33390050546135,-5.34899557450309,-5.32750850046993,-0.758483144482924,-2.90985789825781,-0.473728703255725
"RK019-tumor-XY","M",5.44577786225796,5.94761157363714,6.39404122931515,-6.18879429548014,5.50455485060332,2.6811836785189,4.41376189791909,0.781867123494841,-5.49359460165534,-6.10915165551039,-5.54457720416164,-6.14463477392453,-6.12314769989137,0.166723584898562,-6.08764416716859,-1.11441150778364
"RK020-adjacent-XY","M",5.38874477295854,6.20159597263963,6.40383459198486,-6.3325248077084,5.5924418246039,2.28733115405476,4.04366615619125,1.13732373893961,-6.22228761460476,-6.25288793850728,-6.27327021711106,-6.28836528615279,-6.26687821211964,-0.619850344131358,-2.61684880535001,-0.170705253314758
"RK020-tumor-XY","M",6.46985367236136,6.0111999266225,6.63832059707882,-4.3578224294993,5.23194966604486,1.13746675764867,3.58126290139331,1.98682829711656,-7.19331915114569,-7.2239194750482,-7.24430175365198,-7.25939682269371,-7.23790974866056,-1.15698535414212,-7.20240621593777,0.410000687775886
"RK021-adjacent-XY","M",5.27342222058274,5.79668435322855,6.2671622908689,-6.1107698583765,4.89424666685164,1.45785951545618,3.90098069433711,0.556239899722228,-6.00053266527286,-6.03113298917538,-6.05151526777916,-6.06661033682089,-6.04512326278773,-1.47609790680073,-1.60736115623113,-0.168010359334151
"RK021-tumor-XY","M",4.98295591595106,4.98667352097554,6.67118256539499,-4.81358795719512,4.18371385977795,1.7575569994496,4.45473407642175,0.325584349205263,-6.28831326481263,-6.31891358871515,-6.33929586731893,-6.35439093636066,-6.33290386232751,-3.34884100706166,-2.20165326231832,-2.87060584503361
"RK022-adjacent-XX","F",-3.08153143959208,-6.08052446564669,-5.89160034297086,-5.88501879199753,-4.48805405094691,-3.05162543484497,-3.53583217562239,1.07616935600856,-5.7747815988939,-5.80538192279641,-5.82576420140019,-5.84085927044192,-5.81937219640877,-6.00523434258523,-0.979243531456404,-2.63743332597377
"RK022-tumor-XX","F",-2.28108269003453,-3.92167485894021,-5.90966323358782,-5.9030816826145,-6.09107944228503,-5.91188115192432,-3.43692155176501,0.886842819576393,-5.79284448951086,-5.82344481341338,-5.84382709201716,-5.85892216105889,-5.83743508702573,-6.0232972332022,-5.80193155430295,-2.31880676064017
"RK024-adjacent-XY","M",5.84478152879349,7.0584240759169,6.7109376689938,-5.84422500014466,5.68529158277112,2.08938698464498,4.4950836298737,2.93238872720055,-5.9544621932483,-5.92386186934578,-5.903479590742,-5.88838452170027,-5.90987159573342,-1.3316920267782,-5.94537512845621,1.44618135524545
"RK024-tumor-XY","M",6.00284657703149,6.04554235723679,6.45871001826245,-6.79178928845419,5.40353835406654,1.32029798926765,4.38765081172656,-0.33710365599635,-6.90202648155783,-6.87142615765532,-6.85104387905154,-6.8359488100098,-6.85743588404296,-1.31402173324841,-5.23891272799567,1.30262549162962
"RK025-adjacent-XX","F",-2.55494817461554,-5.84237150875521,-5.65344738607937,-5.64686583510605,-3.51293549988922,-3.28774801929308,-2.47938776539033,2.92363136107162,-5.53662864200241,-5.56722896590492,-5.5876112445087,-5.60270631355044,-5.58121923951728,-5.76708138569374,-5.5457157067945,-1.88179673964958
"RK025-tumor-XX","F",-2.29543203748441,-6.50002364345078,-6.31109952077494,-6.30451796980162,-4.90748878981163,-3.93494620801357,-1.87244079549,1.45260866293073,-6.19428077669798,-6.2248811006005,-6.24526337920428,-6.26035844824601,-6.23887137421285,-6.42473352038932,-6.20336784149007,-2.01499231865802
"RK026-adjacent-XY","M",6.09725716735074,5.50494008314301,6.9214913743821,-4.5029022461876,5.22083875041216,2.99892932676025,2.9554780319396,3.50867980748976,-4.39266505308396,-4.42326537698647,-4.44364765559025,-4.45874272463199,-4.43725565059883,-3.03815529605414,-4.40175211787605,0.339732493370245
"RK026-tumor-XY","M",6.09156129560536,4.71360545898791,6.72017794245226,-6.569152899956,5.12281541927226,5.0743729042574,2.99484623858298,2.66858626813355,-6.45891570685237,-6.48951603075488,-6.50989830935866,-6.5249933784004,-6.50350630436724,-4.36744035565634,-6.46800277164446,-1.91485638410168
"RK027-adjacent-XY","M",5.76415250902668,6.88520489172269,6.88885441510015,-5.47352513100376,5.26456914776939,0.947082542937036,3.9104082780244,1.36655355860434,-6.94825043862128,-6.97885076252379,-6.99923304112757,-7.0143281101693,-6.99284103613615,-0.735759686463885,-1.89134650569094,-0.959091927392245
"RK027-tumor-XY","M",3.27543871964133,3.7785361333604,3.79795167217236,-6.36914391065956,2.56354142166074,-2.28155247963005,1.47795531423212,0.848264259144284,-6.25890671755592,-6.28950704145844,-6.30988932006222,-6.32498438910395,-6.30349731507079,-3.68200453918965,-3.2828529776714,-3.07870215158457
"RK028-adjacent-XX","F",-2.17020222782723,-3.63809978046035,-3.82702390313619,-5.41856795483066,-3.64560769443897,-3.08784039063348,-3.38183171860225,4.73655739576827,-5.5288051479343,-5.49820482403179,-5.47782254542801,-5.46272747638627,-5.48421455041943,-5.29835240424297,-1.47765636899344,-3.62001469577023
"RK028-tumor-XX","F",-5.89095135499268,-4.18892390618349,-5.96281052958048,-3.47270834552976,-5.78139432088327,-5.96059261124399,-4.04177387238235,3.29264847396164,-6.07962927365744,-6.04902894975493,-6.02864667115115,-6.01355160210942,-6.03503867614257,-5.84917652996611,-6.07054220886536,-5.75580132221453
"RK029-adjacent-XY","M",5.77350369203559,6.14775619314628,6.52626660796049,-5.91500970948741,5.85847064909133,2.23100893025487,3.75673312109014,2.25778154491613,-5.80477251638377,-5.83537284028629,-5.85575511889007,-5.8708501879318,-5.84936311389865,-1.28033775791164,-1.95967278458168,0.792441786409931
"RK029-tumor-XY","M",5.35422436611941,5.98271251190279,7.15006461265797,-6.56135148889594,6.01691373490366,2.54309895653391,4.17049160768737,0.868419618376736,-6.4511142957923,-6.48171461969482,-6.5020968982986,-6.51719196734033,-6.49570489330717,0.237296197790956,-6.46020136058439,-2.24998782178807
"RK030-adjacent-XY","M",5.46445624730681,6.49720455903653,6.57249204700565,-5.87548274649702,5.9985664439965,1.47897827338737,4.16875978129586,0.681583016361854,-5.76524555339338,-5.7958458772959,-5.81622815589968,-5.83132322494141,-5.80983615090825,-0.44110944540708,-3.30701348372322,-0.987811045436452
"RK030-tumor-XY","M",5.94953736104328,6.54230010772154,6.35764758452726,-2.35561428192537,5.8988003514047,-0.0961868299108635,4.48613890664969,3.1773158278832,-5.90788750506029,-5.93848782896281,-5.95887010756659,-5.97396517660832,-5.95247810257516,-0.52363040463642,-5.91697456985238,-0.790358271382805
"RK032-adjacent-XY","M",5.55761491904045,5.85791706751302,6.4940587866882,-6.3741488172289,5.44283010449018,2.13267209884374,3.90643146633878,0.984646148750604,-6.26391162412526,-6.29451194802778,-6.31489422663156,-6.32998929567329,-6.30850222164014,-0.344617248311918,-1.69440892083769,-2.43508788404886
"RK032-tumor-XY","M",5.6751987879464,5.48352639434592,6.53358681402416,-6.73697371203621,5.79886502674643,2.0884607667975,3.84420146826469,1.14086678648222,-6.62673651893257,-6.65733684283509,-6.67771912143887,-6.6928141904806,-6.67132711644745,-0.318030451515878,-6.63582358372466,-2.23278124385392
"RK034-adjacent-XY","M",5.87877871760199,6.29069760994905,6.77152884129031,-5.32877965282858,5.78786094326448,2.27886810822345,3.87243618895465,1.73703062838548,-5.21854245972495,-5.24914278362746,-5.26952506223124,-5.28462013127297,-5.26313305723982,-0.319712186471315,-1.20361912873559,0.441832376376434
"RK034-tumor-XY","M",3.39556879448234,3.57539632205552,4.06597614172713,-5.903290272441,3.24893653750405,-1.24699331760598,0.85263142296476,0.323042835003257,-5.79305307933736,-5.82365340323988,-5.84403568184366,-5.85913075088539,-5.83764367685224,-3.2161509009711,-2.91898036015983,-1.33451765562769
"RK036-adjacent-XY","M",5.42396785310671,5.80891900896594,6.98757599416055,-6.06603173332955,4.98391077902049,2.09007570392907,4.20657808720886,0.832015783710467,-5.95579454022591,-5.98639486412843,-6.00677714273221,-6.02187221177394,-6.00038513774078,-2.48580756577616,-1.35890116057554,0.165925717442654
"RK036-tumor-XY","M",6.03599549241144,5.78337490490051,7.10322651996546,-5.92688069785688,5.4826025263419,1.32068694251905,3.78816276986961,1.41315412698783,-5.81664350475324,-5.84724382865575,-5.86762610725953,-5.88272117630127,-5.86123410226811,-0.724944769525193,-1.42276232614261,-0.460713372620806
"RK037-adjacent-XY","M",5.61016159557976,5.81706199707628,6.91983318290334,-5.53480889373671,5.06264581638608,1.87513127990732,4.07941414208954,1.69185370897925,-5.42457170063307,-5.45517202453559,-5.47555430313937,-5.4906493721811,-5.46916229814794,-1.95458472618332,-1.12982659247806,-0.0654752180746913
"RK037-tumor-XY","M",4.9220663348095,4.95259454680411,7.34152500982086,0.272833227732557,5.5781963971017,2.00850129516954,4.24474535186082,1.72721237346396,-3.9028737964531,-3.33959925338942,-2.73611605270426,-5.66182943786169,-5.64034236382854,-1.18234832023028,-5.60483883110575,2.23744332021624
"RK038-adjacent-XX","F",-3.28549798956656,-5.72525199772056,-5.53632787504473,-5.5297463240714,-4.13278158302078,-3.16737393160159,-2.65149975602945,1.2276083847093,-5.41950913096776,-5.45010945487028,-5.47049173347406,-5.48558680251579,-5.46409972848264,-5.6499618746591,-0.0854472289659237,-2.57168508697944
"RK038-tumor-XX","F",-3.88782799813899,-6.32682104111438,-6.13789691843855,-6.13131536746522,-3.51094867184495,-4.55515233605389,-2.22331928975191,2.99322653451706,-6.02107817436158,-6.0516784982641,-6.07206077686788,-6.08715584590961,-6.06566877187646,-6.25153091805292,-4.24649989629142,-4.01858105582897
"RK040-adjacent-XX","F",-2.65908155382334,-5.34937152779291,-5.53829565046875,-5.54487720144207,-3.77191694105038,-3.9511152314111,-3.61585737476717,3.41230877154496,-5.65511439454571,-5.62451407064319,-5.60413179203941,-5.58903672299768,-5.61052379703084,-5.42466165085437,-3.92129412180919,-2.99652826131856
"RK040-tumor-XX","F",-0.669636093917406,-2.31810589219235,-3.24399560903439,-4.83553966072887,-3.06257940033718,-3.2417776906979,-4.49288395327857,5.46044822570991,-4.94577685383251,-4.91517652992999,-4.89479425132621,-4.87969918228448,-4.90118625631764,-4.71532411014117,-4.93668978904042,-3.03698640166844
"RK041-adjacent-XY","M",5.15258224696641,5.67476939837074,7.47380558385968,-5.18161358388548,4.76095921924941,2.65168926365003,3.20710137027499,3.1414184270182,-3.48641389006069,-5.10197671468436,-5.12235899328814,-5.13745406232987,-5.11596698829672,-2.97990103958582,-5.08046345557393,0.175236911781123
"RK041-tumor-XY","M",5.42397191319957,6.04584744535001,8.28011183894734,0.456067239752765,4.63024584133881,1.67853474788359,3.86401671962481,2.56464788579075,3.26685705805149,3.80494085293653,0.119173731781562,-3.04750993949257,-0.200980294528743,-3.5622079932651,-5.66277040925322,2.8773119798402
"RK043-adjacent-XY","M",5.73405733989295,5.61294343892965,6.29330771477605,-5.67989316495372,5.38934194850394,1.54971210506154,3.94819615305429,1.84886020475885,-5.56965597185008,-5.60025629575259,-5.62063857435637,-5.6357336433981,-5.61424656936495,-1.15625252576669,-5.57874303664217,0.262593973951434
"RK043-tumor-XY","M",6.83422386071428,5.08429948348008,6.24609903437625,-4.5126904285913,5.22877826042155,3.53539806087489,3.07496424132497,1.24818945141026,-6.04302141488919,-2.90369673734939,-6.09400401739549,-6.10909908643722,-6.08761201240406,-3.46611923652292,-6.05210847968128,2.16631068259808
"RK044-adjacent-XX","F",-1.80167633751013,-1.6846113894221,-1.87353551209794,-1.88011706307126,-1.69211930340073,-1.87131759376144,-1.53746135562096,7.38192349144419,-1.9903542561749,-1.95975393227238,-1.9393716536686,-1.92427658462687,-1.94576365866002,-1.75990151248356,3.15338846318185,-1.66652630473198
"RK044-tumor-XX","F",-3.40103305225054,-3.28396810416251,-3.47289222683834,-3.47947377781167,-3.29147601814113,-1.88571180778069,-3.13681807036137,6.51953237086999,-3.5897109709153,-3.55911064701279,-3.53872836840901,-3.52363329936728,-3.54512037340043,-3.35925822722397,-3.58062390612322,-3.26588301947239
"RK047-adjacent-XX","F",-3.28731701081175,-5.72631005378715,-5.53738593111131,-5.53080438013799,-2.91126586177363,-2.69626072032504,-2.12351956271457,1.76406520483769,-5.42056718703435,-5.45116751093686,-5.47154978954064,-5.48664485858238,-5.46515778454922,-5.65101993072568,-2.24257635137871,-1.26874898509574
"RK047-tumor-XX","F",-4.05138413269385,-6.97584151242293,-6.78691738974709,-6.78033583877377,-4.16017181722996,-5.1324778589242,-3.62004896015841,1.87876138397305,-6.67009864567013,-6.70069896957265,-6.72108124817643,-6.73617631721816,-6.714689243185,-6.90055138936147,-4.7032415621717,-2.53754425252058
"RK048-adjacent-XY","M",5.47222771599631,5.56113509083395,6.58444355932627,-6.30776519808162,5.0877899736545,1.52298420484484,4.2554532810756,0.456868971319668,-6.19752800497798,-6.2281283288805,-6.24851060748428,-6.26360567652601,-6.24211860249286,-0.936127652339644,-4.44391928357471,0.0720055240524801
"RK048-tumor-XY","M",3.48342038561702,3.03485774419724,3.757136537321,-6.75690059422614,2.3382733117814,-1.89844504971285,1.04625806041253,1.50249826692473,-6.6466634011225,-6.67726372502502,-6.6976460036288,-6.71274107267053,-6.69125399863737,-3.41768452617654,-6.65575046591459,-3.79580914165205
"RK049-tumor-XY","M",5.01077566119531,4.88640629897967,5.13900020867274,-3.62337960569424,4.39969328532703,0.117273801593455,2.2878523386225,1.27449499449203,-4.58472411317921,-2.10237203304794,-4.25388084487104,-7.32127007118624,-7.29978299715308,-1.81321980135805,-3.4556604710632,-1.78010136924767
"RK050-adjacent-XY","M",5.81063483633518,6.06453497098145,6.38277650801198,-5.62221864419088,5.60343008229011,1.39557805118855,3.81309797987509,3.63419802552894,-5.51198145108724,-5.54258177498975,-5.56296405359353,-5.57805912263527,-5.55657204860211,-0.884453199651002,-2.09362941578416,0.999136985349662
"RK050-tumor-XY","M",5.3883981379586,5.33232135751497,5.56455086250134,-6.50868567173769,5.39879425213452,-0.574577197220509,3.79229496317983,1.03336697210215,-6.39844847863405,-6.42904880253657,-6.44943108114035,-6.46452615018208,-6.44303907614892,-1.34349900346314,-2.25395943575796,-1.74033968290066
"RK051-adjacent-XY","M",5.70063772877971,5.52311559063192,6.66136928372383,-6.92275316046505,5.37155567596966,1.34921814035573,3.60564431993079,3.81488292139946,-6.81251596736141,-6.84311629126393,-6.86349856986771,-6.87859363890944,-6.85710656487629,-1.9985745916943,-3.78902713023695,-0.404371158997184
"RK051-tumor-XY","M",5.40387246864279,5.79771406660068,7.51370951651869,1.47728176585461,5.82421961681915,1.21585019481511,4.59216260515236,3.15404717318638,2.42351922963689,4.73630485719984,1.71544180227159,2.10092346288764,2.64770314714054,-1.26902428199022,-4.37185744992054,0.515063295694079
"RK052-adjacent-XY","M",5.47047614387638,5.7158146716992,6.07542380557499,-6.66681643806639,5.05574739028396,0.734231323469218,3.61271042781443,1.83455639745645,-6.55657924496275,-6.58717956886527,-6.60756184746905,-6.62265691651078,-6.60116984247763,-0.856294651091202,-2.90449864741988,-1.68890644900933
"RK052-tumor-XY","M",5.22171319263518,5.17990492581736,7.49769564314031,-6.20814233099996,5.10502501792009,0.897266536119905,3.97042010317665,1.31418357662754,-6.09790513789632,-6.12850546179884,-6.14888774040262,-6.16398280944435,-6.1424957354112,-0.219833424809491,-6.10699220268841,-1.65839885729506
"RK053-adjacent-XY","M",5.82483076362053,6.39823902553481,6.89265381968768,-5.30158909640624,6.06445099212911,2.60807718088432,4.88860357585357,3.02756565396774,-5.41182628950988,-5.38122596560737,-5.36084368700359,-5.34574861796185,-5.36723569199501,-0.93344603237496,-2.2271165843742,0.794644711294876
"RK053-tumor-XY","M",6.49811185847564,6.82336783690326,6.82580281106733,4.56477422873575,6.50271490442609,2.21968567490786,-0.758027371454504,-0.365094454090075,0.0406454211796092,2.50666433618956,-2.46896729261704,-6.86391652516754,-0.394376428492877,0.0759866465863272,-6.92093021485947,-2.34395990023658
"RK054-adjacent-XY","M",5.30049821464254,5.78632407687743,6.78375426308356,-6.7886264784568,4.92007090272471,1.29533119315324,4.08284682057964,1.08248521595178,-4.56254833268653,-6.70898960925568,-5.50833004886088,-6.74446695690119,-6.72297988286803,-1.55129002442641,-0.583243073199601,-1.50680565300739
"RK054-tumor-XY","M",3.79041141144756,5.5231929651919,7.82867607372977,2.56887861586943,3.35065751084299,-0.956194856037979,2.16607625744056,1.52650193659655,2.8215533670554,5.38731625372525,2.51421570385446,3.21434192961993,2.50373609756602,-2.76345792053299,-1.81040269716021,-0.421131716860218
"RK055-adjacent-XY","M",5.69086527471452,5.52526957010913,6.99797592113572,-5.5074421973324,5.25382904652754,1.79664128864213,3.76870864512878,3.6669726072041,-5.39720500422876,-5.42780532813128,-5.44818760673506,-5.46328267577679,-5.44179560174364,-0.872770245756632,-5.40629206902085,0.396661920788958
"RK055-tumor-XY","M",5.32035677139662,5.36820351087625,7.1363974149076,-4.64696216169514,5.24689314283486,2.93168483929414,2.886921460506,4.30159729002015,-4.5367249685915,-4.56732529249402,-4.5877075710978,-4.60280264013953,-4.58131556610638,-3.18221521156168,-4.54581203338359,-2.03108244716851
"RK056-adjacent-XY","M",5.43469005833805,6.53564905078318,6.86997352792961,-5.74938202063553,6.15078216568368,1.72563428731891,4.44553258692507,4.6995435678204,-5.63914482753189,-5.6697451514344,-5.69012743003818,-5.70522249907992,-5.68373542504676,0.196491619234548,-5.64823189232398,-0.403531259068931
"RK056-tumor-XY","M",4.7353685008313,5.2458708230826,7.5024642455194,-6.40841952551385,6.07534490116022,3.25313358017013,3.98971732633951,4.3297944318429,-6.29818233241021,-6.32878265631273,-6.34916493491651,-6.36426000395824,-6.34277292992509,-0.462545885643778,-6.3072693972023,1.00656552494451
"RK057-adjacent-XY","M",5.67031279420187,5.8907807152527,6.51139430410142,-6.70466813037695,5.27394046505599,1.06815542099944,4.00603844789348,3.26250857617072,-6.59443093727331,-6.62503126117583,-6.64541353977961,-6.66050860882134,-6.63902153478818,-0.71635922418648,-1.01578368286698,0.307335760444311
"RK057-tumor-XY","M",5.65491854093506,6.33982671231578,6.59130984926329,-6.49997613239116,6.45413791144439,0.464204666699099,4.62600527890468,2.54384467365516,-6.38973893928752,-6.42033926319003,-6.44072154179381,-6.45581661083555,-6.43432953680239,0.225298367965521,-2.18106205463537,-2.45953452576326
"RK058-adjacent-XY","M",5.54924480394189,6.55489237547136,6.50487568321969,-5.90981867109754,5.28634858341713,1.48401279086698,3.80639534263359,2.50457941314801,-5.7995814779939,-5.83018180189642,-5.8505640805002,-5.86565914954193,-5.84417207550877,-1.50647226562823,-1.716992908898,-1.10165877796673
"RK058-tumor-XY","M",5.24181455930926,5.13911690577975,7.08236378292936,-6.6666725144996,5.70258765926369,0.174886153933235,-0.0527672257032061,1.57588306928314,-6.55643532139596,-6.58703564529848,-6.60741792390226,-6.62251299294399,-6.60102591891084,-1.0589676105241,-3.75017895478292,-2.3308266029589
"RK059-adjacent-XY","M",5.36129406509649,5.73509014359068,6.4417528591163,-5.1941686186909,4.83336662381096,1.70590189727338,3.60556969934774,1.26546320693069,-5.08393142558726,-5.11453174948978,-5.13491402809356,-5.15000909713529,-5.12852202310213,-2.14445916783629,-1.26103649549981,-1.13548799408562
"RK059-tumor-XY","M",5.94669909505576,5.740074439827,7.17047892101648,-5.33296188682396,5.07802332268126,-0.818199400076765,4.02443869058267,0.781021174098703,-4.48575967663225,-5.25332501762284,-4.53674227913854,-5.28880236526835,-5.26731529123519,-1.36571459616132,-5.23181175851241,-1.63384434559455
"RK060-adjacent-XY","M",5.26883246662789,6.05200694739382,6.73563023261497,-5.90961348467048,5.17092709316643,1.06497026930143,4.47606950637437,-1.03989035293379,-6.01985067777412,-5.9892503538716,-5.96886807526782,-5.95377300622609,-5.97526008025925,-0.74500381472433,-4.13921562899693,1.65270542789988
"RK060-tumor-XY","M",3.43585715660652,3.64091858227772,4.88083776182042,-6.27739461912632,2.71473416818254,-1.33848620730305,2.08232327913443,0.914256607497725,-6.38763181222996,-6.35703148832745,-6.33664920972367,-6.32155414068193,-6.34304121471509,-4.57221656781747,-2.78497727739454,-3.74168591972391
"RK064-adjacent-XX","F",-3.00036020348406,-4.34012545239615,-2.56623882899916,-5.72958227946815,-3.11022511708108,-3.29149775225359,-2.88640219829078,3.09820519617303,-5.61934508636451,-5.64994541026703,-5.67032768887081,-5.68542275791254,-5.66393568387939,-5.84979783005585,-1.97961976673561,-2.64711920097096
"RK064-tumor-XX","F",-4.74473806555869,-4.12483741948052,-3.93591329680468,-4.44715092166363,-4.11732950550189,-6.26005931002854,-3.42205094541117,3.11585341698784,-6.14102264761508,-6.1716229715176,-6.19200525012138,-6.20710031916311,-6.18561324512996,-6.37147539130642,-6.15010971240717,-3.27545804379421
"RK065-adjacent-XX","F",-3.05098293969309,-6.62759413054348,-6.43867000786764,-6.43208845689432,-6.62008621656485,-4.80078809117968,-3.26949141270506,2.03008504846245,-6.32185126379068,-6.35245158769319,-6.37283386629697,-6.38792893533871,-6.36644186130555,-6.55230400748201,-6.33093832858277,-2.79537624140398
"RK065-tumor-XX","F",-2.5176475718359,-6.72217536117427,-6.53325123849843,-6.52666968752511,-3.54275930222443,-3.05183186568925,-2.75053262646951,0.596191524744006,-6.41643249442147,-6.44703281832399,-6.46741509692777,-6.4825101659695,-6.46102309193634,-6.64688523811281,-0.166951716361835,-5.15219468180422
"RK066-adjacent-XX","F",-4.10081262200365,-7.02523249214928,-6.83630836947345,-6.82972681850012,-3.31719474989196,-1.40170449717342,-3.65318611448005,1.1470198596864,-6.71948962539649,-6.750089949299,-6.77047222790278,-6.78556729694451,-6.76408022291136,-6.94994236908782,0.413818938542466,-3.57046722759384
"RK066-tumor-XX","F",-3.03942657270531,-5.96390497386241,-5.77498085118658,-5.76839930021325,-4.37143455916263,-4.09704637597118,-3.28473920072133,1.61483860444374,-5.65816210710962,-5.68876243101213,-5.70914470961591,-5.72423977865764,-5.70275270462449,-5.88861485080095,-5.6672491719017,-2.7141969054455
"RK068-adjacent-XX","F",-2.18190516316626,-3.16437588862914,-2.46021521522149,-6.1672364843359,-4.39427622394421,-6.15843701502609,-3.46158188006092,1.87241164884309,-6.27747367743954,-6.24687335353703,-6.22649107493325,-6.21139600589151,-6.23288307992467,-6.04702093374821,-3.83152705301246,-2.78372072455431
"RK068-tumor-XX","F",-2.36300676345103,-6.74614449021185,-3.47563673194222,-6.94165016386101,-4.42735552526366,-3.73440840343072,-4.99444294707708,-0.486964531403166,-7.05188735696465,-7.02128703306213,-7.00090475445835,-6.98580968541662,-7.00729675944978,-6.82143461327331,-7.04280029217256,-2.82081664295
"RK071-adjacent-XX","F",-3.43214757680471,-4.77173725590712,-6.16777563395244,-6.16119408297912,-3.99877833088416,-3.82703267933588,-3.31493271516453,0.662134080681192,-6.05095688987548,-6.081557213778,-6.10193949238178,-6.11703456142351,-6.09554748739035,-6.28140963356682,-2.18953620574299,-3.95970604548506
"RK071-tumor-XX","F",-1.81478971136618,-6.01938725756654,-5.8304631348907,-5.82388158391738,-6.01187934358791,-2.9069645065601,-2.98956034740887,1.94415222975808,-5.71364439081374,-5.74424471471626,-5.76462699332004,-5.77972206236177,-5.75823498832861,-5.94409713450508,-5.72273145560583,-2.52706938574858
"RK072-adjacent-XX","F",-3.76078322247661,-6.20165689058611,-6.01273276791027,-6.00615121693695,-4.60814426481037,-6.01495068624677,-3.1502125084984,1.39061940763855,-5.89591402383331,-5.92651434773583,-5.9468966263396,-5.96199169538134,-5.94050462134818,-6.12636676752464,-3.46804188219878,-2.72685410041294
"RK072-tumor-XX","F",-2.39625491750827,-7.46770883271475,-7.27878471003891,-7.27220315906559,-4.28841379875486,-3.77955915195316,-2.28063807793627,0.824398903086004,-7.16196596596195,-7.19256628986447,-7.21294856846824,-7.22804363750998,-7.20655656347682,-7.39241870965328,-4.81189792175655,-3.19526231808478
"RK074-adjacent-XY","M",5.27501517496524,5.83452931293932,7.26164710579721,-5.42639249538639,5.02252479794705,1.89528992920778,5.02348028765529,1.76525873123766,-5.53662968849003,-5.50602936458751,-5.48564708598373,-5.470552016942,-5.49203909097516,-1.8467453261614,-5.52754262369794,1.48201587262332
"RK074-tumor-XY","M",3.28239546898723,5.83002368334603,6.80258221850736,-5.73562447088859,5.31733320392455,1.96666194198148,4.87264628539011,3.04098925645662,-5.10889664690415,-5.81526134008971,-5.05791404439785,-5.7797839924442,-5.80127106647735,-1.3674814068573,-5.83677459920014,-3.93676923927162
"RK075-adjacent-XY","M",5.14509914210938,6.52477163766128,6.53060347391475,-5.93423617153679,5.63093141665687,1.52952720404326,4.06397231367956,1.81557292429858,-5.82399897843315,-5.85459930233566,-5.87498158093944,-5.89007664998118,-5.86858957594802,-0.382026380152988,-2.962830232732,1.16757945906239
"RK075-tumor-XY","M",5.97090240522175,6.61219445537737,6.82388635283024,-2.4189941691281,5.58518598657559,1.61801350641243,4.03146450176608,2.08925872036639,-6.3962198172748,-6.42682014117732,-6.4472024197811,-6.46229748882283,-6.44081041478968,-0.0875137498581088,-6.40530688206689,2.3348906786018
"RK077-adjacent-XY","M",5.47965585821248,5.90024497374465,6.77144190748624,-5.73594972949789,5.49925377388246,1.3529333094406,3.71581035466771,2.0993114636584,-5.62571253639425,-5.65631286029677,-5.67669513890055,-5.69179020794228,-5.67030313390913,-0.901968969698714,-1.93723659772672,-0.473576762767681
"RK077-tumor-XY","M",1.91808146754355,5.43926475653407,7.26091953024486,-6.2274794714433,5.09728294246242,2.70819229089236,3.95237213845492,2.62592501711728,-6.11724227833966,-6.14784260224218,-6.16822488084596,-6.18331994988769,-6.16183287585453,-0.990143017412913,-6.12632934313175,-2.02109576405922
"RK079-adjacent-XY","M",5.25490965225571,6.87472391560314,6.71488278878853,-5.44564014199068,5.59467032713384,0.745931849198249,4.2111745166465,1.60536174602381,-5.33540294888704,-2.72247536233701,-5.38638555139334,-5.40148062043507,-5.37999354640191,-0.0740025962487034,-1.65166983292211,-0.275413477355987
"RK079-tumor-XY","M",3.20368547094298,6.20631627089077,6.25447911125416,4.40861708197946,2.2299930657073,-1.82896980842579,0.983299639308872,0.994810113741609,-4.1092248948569,0.319339651001754,-3.7089345535863,-1.31002125244517,-2.15761528835332,-3.53413176332988,-6.48269108587295,-1.06024288614018
"RK081-adjacent-XY","M",6.12555421916299,6.72791219789502,6.76875798765993,-5.79935018744988,6.03667985139923,2.6482411344382,4.52178528673785,4.11476706364526,-5.90958738055352,-5.878987056651,-5.85860477804723,-5.84350970900549,-5.86499678303865,-0.549851619917219,0.63275954246416,-0.286073046563911
"RK081-tumor-XY","M",4.72905590190736,4.76692376578353,6.58912634706929,-3.95536690785397,4.64775307755586,2.30406936215743,4.42600797628661,3.39240352068737,-6.13599400592713,-6.84235869911269,-6.08501140342084,-6.80688135146718,-6.82836842550034,-3.18307466068657,-2.80481231107777,-3.07899980591146
"RK083-adjacent-XX","F",-2.02877879448582,-3.36813586986783,-2.44240580244321,-3.17278984563609,-4.94575010602778,-3.10469461050479,-2.57052115701298,1.34908864532139,-4.64751515325361,-4.67811547715613,-4.69849775575991,-4.71359282480164,-4.69210575076848,-4.87796789694495,-2.84361284123114,-1.79560582755179
"RK083-tumor-XX","F",-2.54478653848203,-6.12128310520736,-5.93235898253153,-5.9257774315582,-4.52812997641782,-2.57823276154925,-3.93111366829674,1.66526079723665,-5.81554023845457,-5.84614056235708,-5.86652284096086,-5.8816179100026,-5.86013083596944,-6.0459929821459,-2.91362416138028,-1.4084926401975
"RK085-adjacent-XY","M",6.01864545972981,6.76333309144549,6.71331693645147,-5.7045107663623,5.87043640332638,1.67061091719334,4.41699514142992,1.972567287432,-5.22978545874478,-5.78414763556342,-5.17880285623848,-5.7486702879179,-5.77015736195106,-0.726314220647026,-1.02144485131558,0.34225426499004
"RK085-tumor-XY","M",4.86369461936238,5.97803904044984,9.15982369469628,0.628894173004065,5.91952343343536,2.1135876652402,6.38558912281665,0.865986870888904,4.93916554657213,6.2567723100902,3.74409937619796,3.51548241239018,3.44410540464834,-2.00905159234394,-5.68984888988049,1.91951274566197
"RK086-tumor-XY","M",5.9633970486301,5.40793888484887,6.19708812304241,-6.23693999221364,5.20245982977029,1.32558075607383,3.39277153879626,4.19886429333885,-4.54174029838885,-6.15730312301252,-6.1776854016163,-6.19278047065803,-6.17129339662487,-0.999603538183254,-6.13578986390209,-1.76901637989261
"RK088-tumor-XY","M",2.41627165205788,2.82388789156532,2.02392060034306,-3.83933169814198,1.62043947934015,-3.30298506325684,-0.240437164956902,0.820973005003825,-5.74394982055766,-5.71334949665514,-5.69296721805136,-5.67787214900963,-5.69935922304278,-3.92853457614516,-5.73486275576557,-2.61276694705714
"RK092-adjacent-XY","M",5.15911768941119,6.34805788805763,6.65567206454043,-6.00995070845028,5.86899320009256,1.78214972216021,4.03609817572698,1.25582801377793,-5.89971351534664,-5.93031383924915,-5.95069611785293,-5.96579118689467,-5.94430411286151,-0.0216418022598042,-3.0301619402724,0.631672249474442
"RK092-tumor-XY","M",4.68936850286034,5.91995338138301,6.78808094364153,-6.69330311677943,5.76367914699453,1.36150756207741,3.67332199323387,1.36900390937091,-6.58306592367579,-6.61366624757831,-6.63404852618209,-6.64914359522382,-6.62765652119066,-1.14109332539563,-6.59215298846788,1.3581483487488
"RK093-adjacent-XY","M",6.42304607398576,7.12855466196017,6.9667939842124,-5.51222456681225,6.64623863291927,2.34832395640449,4.64346786946698,-0.642501435075564,-5.62246175991589,-5.59186143601337,-5.57147915740959,-5.55638408836786,-5.57787116240102,0.585270907275363,-5.6133746951238,0.193853869971184
"RK093-tumor-XY","M",6.83725785287221,6.4799575934837,6.74728716230821,-5.65402501809668,5.42954802546918,0.285511836077501,4.57280121151538,-0.784301886359993,-5.76426221120032,-5.7336618872978,-5.71327960869402,-5.69818453965229,-5.71967161368545,-1.44634662625864,-3.37498819560603,-3.82705725694944
"RK095-adjacent-XX","F",-2.60628323477008,-3.57134508941307,-5.7043490616246,-5.69776751065127,-3.0784103482642,-5.70656697996109,-3.19829316180655,3.39169628445693,-5.58753031754763,-5.61813064145015,-5.63851292005393,-5.65360798909566,-5.6321209150625,-5.81798306123897,-5.59661738233972,-3.54923461248425
"RK095-tumor-XX","F",-2.54935324320912,-3.19682610950265,-3.85609091934154,-6.17143746325558,-4.02576590844816,-3.28460198670133,-2.79460522992241,0.652761893088748,-6.06120027015194,-6.09180059405446,-6.11218287265824,-6.12727794169997,-6.10579086766681,-6.29165301384328,-4.43133123221258,-4.0552214807621
"RK096-tumor-XY","M",5.9984365292162,5.93687681946283,6.06542548493769,-5.9520937443419,5.77109959291254,2.58213860660352,3.60510160698836,5.97335001060076,-5.84185655123826,-5.87245687514078,-5.89283915374456,-5.90793422278629,-5.88644714875313,-1.21432829980203,-4.05663339521755,-0.220293903610435
"RK098-adjacent-XX","F",-2.55540107353933,-5.13811665941093,-4.9491925367351,-4.94261098576178,-5.13060874543231,-2.62948236018423,-1.67390495711362,2.59094425797259,-4.83237379265814,-4.86297411656065,-4.88335639516443,-4.89845146420617,-4.87696439017301,-5.06282653634947,-4.84146085745023,-1.95833069266454
"RK098-tumor-XX","F",-1.71700850188943,-3.17750368920633,-5.7959344885881,-5.78935293761477,-3.65542260239794,-5.79815240692459,-2.96129806964239,2.36207742685111,-5.67911574451113,-5.70971606841365,-5.73009834701743,-5.74519341605916,-5.72370634202601,-5.90956848820247,-5.68820280930322,-2.81115619437232
"RK100-adjacent-XX","F",-3.85163906659815,-4.14838473884678,-3.11146370961599,-6.27480716008498,-3.2928799183132,-3.42715709651556,-2.0652480042257,1.5836554292152,-6.16456996698134,-6.19517029088386,-6.21555256948764,-6.23064763852937,-6.20916056449622,-6.39502271067268,-1.02730949033628,-2.97750509830096
"RK100-tumor-XX","F",-3.80714651189169,-3.92839957472897,-4.96198246004502,-6.54036340979285,-4.4052297917737,-3.08973126046537,-2.96578998355148,1.17087859444779,-6.43012621668921,-6.46072654059173,-6.48110881919551,-6.49620388823724,-6.47471681420408,-6.66057896038055,-4.75475178418936,-3.5622250865135
"RK101-adjacent-XY","M",5.20151638402765,5.85425758180933,6.75215226678088,-6.23650335269485,5.08348558769807,2.00162392082309,4.0283887419838,2.59258668420333,-6.12626615959121,-4.37841649669604,-6.17724876209751,-3.4765765097743,-6.17085675710608,-1.49873790815498,-6.1353532243833,0.778055995099191
"RK101-tumor-XY","M",4.98019542991879,4.88435563963071,7.93043306545424,4.41163092799874,4.77851409488247,1.23941485426399,4.53148176806578,1.66706692231693,5.82361912912697,7.24089241419846,5.09313572721245,5.35583232381347,4.66944350989675,-4.72276366902249,-2.32041357447255,-3.22203020925582
"RK102-adjacent-XY","M",6.41142962632524,7.13458582417128,7.27956381956131,-6.25192668483665,6.50592559639744,2.93845343703067,4.43994516556041,2.31823616504113,-6.36216387794029,-6.33156355403777,-6.31118127543399,-6.29608620639226,-6.31757328042541,-0.154431210749034,-1.25621924599651,1.02664258580345
"RK102-tumor-XY","M",3.55985400427986,2.86138850385409,3.77279144169704,-4.36727044621834,2.80593658603482,-0.857812781312273,0.61916329452532,3.80719067113934,-6.95412936722565,-6.92352904332313,-6.90314676471935,-6.88805169567762,-6.90953876971077,-6.72367662353431,-6.94504230243356,-6.63030141578273
"RK103-adjacent-XY","M",5.64681305119652,6.40760791601915,6.82905915143426,-6.63971241355491,5.72440156655598,1.6553454813418,4.05001016047359,1.11330267257955,-6.52947522045127,-6.56007554435379,-6.58045782295757,-6.5955528919993,-6.57406581796614,0.158935273131988,-1.16096463517682,-0.235945116806114
"RK103-tumor-XY","M",5.04374609423838,5.51137659765142,6.81186797292896,-6.04089113006524,5.44561877410491,1.85947268606596,4.04675751248544,1.13412136425499,-5.9306539369616,-5.96125426086411,-5.98163653946789,-5.99673160850963,-5.97524453447647,-0.951653315023983,-2.10512867886382,-2.51940948615237
"RK104-adjacent-XY","M",5.31196113807711,5.63126466798396,6.42914729114108,-5.95846586790502,5.00010504689245,1.66545524931752,3.83264665140814,2.92638538368366,-5.84822867480138,-5.8788289987039,-5.89921127730768,-5.91430634634941,-5.89281927231626,-2.37824170035163,0.419112549019152,-0.374887503283627
"RK104-tumor-XY","M",5.97136799157144,6.09066353067884,6.75594912828318,-6.37494082441567,5.61867305699653,2.75750910865135,4.35881299759152,1.28988211130764,-6.26470363131203,-6.29530395521454,-6.31568623381832,-6.33078130286006,-6.3092942288269,-0.880446530888155,-2.37336108492212,-1.87632123273903
"RK105-adjacent-XY","M",-3.26719229320053,-5.9574822671701,-3.82447829495857,-6.15298794081926,-2.50555856251143,-2.97426347006713,-2.62494296612534,1.52409011297503,-5.52626011683482,-6.23262481002038,-5.47527751432853,-6.19714746237487,-6.21863453640802,-6.03277239023156,-3.36059878472853,-2.13653644692883
"RK105-tumor-XY","M",-2.37500991492457,-6.50587248028012,-3.88744168089835,-6.70137815392928,-4.92841789353759,-3.82573043271633,-2.89475165064775,0.490273072694771,-6.81161534703292,-5.19605252240924,-6.76063274452662,-6.74553767548489,-6.76702474951804,-6.58116260334158,-6.80252828224083,-2.40019879075959
"RK106-adjacent-XX","F",5.59200780808055,5.81910263435876,6.36831776872264,-6.21029778210909,5.53538533364379,1.36800514692399,3.77568022277051,1.07890428996119,-6.10006058900545,-6.13066091290796,-6.15104319151174,-6.16613826055348,-6.14465118652032,-1.20123031575182,-4.19341414089501,0.276858549967171
"RK106-tumor-XX","F",5.37546790589771,5.36050992892995,5.85861163387979,-0.653319812476659,5.08026322270174,-1.87725420338818,2.98845208748768,1.37362819481709,-2.96892664309163,-2.2926135438505,-7.57477408606283,-7.58986915510456,-7.56838208107141,-0.883879507664468,-3.20035334378552,-0.530994666399996
"RK107-adjacent-XX","F",-3.18250279632611,-3.29987727234333,-5.91830807172509,-5.91172652075177,-4.49614469583163,-5.92052599006159,-2.75729620059971,0.923750725574658,-5.80148932764813,-5.83208965155065,-5.85247193015443,-5.86756699919616,-5.846079925163,-6.03194207133947,-2.16650808438124,-3.31426144277045
"RK107-tumor-XX","F",-1.35608000969787,-4.50876886751663,-6.64177283972815,-6.63519128875483,-4.47642103330569,-3.78500559875087,-2.70072708397412,0.978649467633577,-6.52495409565119,-6.55555441955371,-6.57593669815749,-6.59103176719922,-6.56954469316606,-6.75540683934253,-6.53404116044328,-2.32226909899644
"RK110-adjacent-XY","M",5.37793466763363,5.37272991316423,5.79864445795114,-6.20145070638452,5.26554735367166,0.56168728504616,3.23813355050415,1.33689048179346,-5.35424849619281,-6.1218138371834,-5.4052310986991,-6.15729118482891,-6.13580411079576,-0.255577066514446,-3.66093595207716,-0.145572956452098
"RK110-tumor-XY","M",5.93116105584737,6.22148730209426,6.57699133872402,-7.38158007777365,6.55981610109559,-0.0149497022850694,3.3206370286328,1.05973550189914,-7.27134288467001,-7.30194320857253,-7.32232548717631,-7.33742055621804,-7.31593348218488,0.458206303706733,-7.2804299494621,-2.291611512961
"RK111-adjacent-XY","M",5.68818520869406,6.61951887877094,7.18879542581583,-5.306881440571,5.76757501632748,2.11977056049834,5.014484723126,-0.437158308834312,-3.83215613295348,-5.38651830977212,-4.36613603116834,-5.35104096212661,-5.37252803615976,-0.0573828730383353,-1.71431669750947,0.333301896057683
"RK111-tumor-XY","M",5.52708950420633,5.67739926818377,6.57506897644219,5.61463660513352,5.82138649397037,-0.0959101276072666,3.89504779712544,-1.38774198031817,3.97005825836064,6.88350536365675,3.98967864926719,5.16404713408378,4.60918619402727,-0.645396465137485,-6.35861524036641,-0.999199067378357
"RK113-adjacent-XY","M",6.7861017277307,7.47044960253826,7.50531000719273,-6.72866182103229,6.1914995336486,1.1927614203716,4.90232543935784,1.31098631214671,-4.38579817124338,-6.80829869023341,-4.33562515039981,-6.7728213425879,-6.79430841662105,-1.65424996005771,2.46443118213765,-3.33249507523629
"RK113-tumor-XY","M",6.24028107577953,7.50283284885456,7.52807294342763,-6.57941728737637,5.78113822954432,1.47923073138401,4.84938435505653,1.99074556250141,-6.42638204960099,-6.65905415657749,-6.3753994470947,-6.62357680893198,-4.5077544803346,-1.41480761743022,2.20767203162914,-2.45829013533081
"RK115-adjacent-XX","F",-3.31333407987335,-5.75232712284875,-5.56340300017291,-5.55682144919959,-4.15985670814897,-5.56562091850941,-4.11685304234571,1.15418507066268,-5.44658425609595,-5.47718457999847,-5.49756685860225,-5.51266192764398,-5.49117485361082,-5.67703699978729,-5.45567132088804,-2.24498849489162
"RK115-tumor-XX","F",-2.96787674811072,-4.72932777709926,-6.12536615514458,-6.11878460417125,-4.72181986312063,-3.32022915142347,-3.28335036277583,0.545308653525424,-6.00854741106762,-6.03914773497013,-6.05953001357391,-6.07462508261564,-6.05313800858249,-6.23900015475895,-6.0176344758597,-2.07702555373219
"RK116-adjacent-XX","F",-2.3922958039321,-5.32118316547016,-5.13225904279432,-5.125677491821,-5.31367525149153,-5.13447696113082,-1.97717147980205,1.41663989099397,-5.01544029871736,-5.04604062261988,-5.06642290122366,-5.08151797026539,-5.06003089623223,-5.2458930424087,-1.04979102262291,-2.16651513423684
"RK116-tumor-XX","F",-1.71172340844371,-4.33143363819929,-5.72747201624461,-5.72089046527128,-5.90888822494182,-3.40776183969374,-2.86780739878109,0.879536838266389,-5.61065327216764,-5.64125359607016,-5.66163587467394,-5.67673094371567,-5.65524386968252,-5.84110601585898,-1.24759475829284,-0.315438677514407
"RK117-adjacent-XX","F",-3.11067829573197,-6.0350981658776,-5.84617404320177,-5.83959249222845,-4.44262775117782,-5.84839196153826,-2.99105353367213,3.9956146825794,-5.72935529912481,-5.75995562302732,-5.7803379016311,-5.79543297067284,-5.77394589663968,-5.95980804281614,-5.7384423639169,-1.520276116518
"RK117-tumor-XX","F",0.87123595522059,-5.81568460119839,-5.62676047852255,-5.62017892754923,-5.80817668721977,-5.62897839685905,-1.87100466802388,3.76534785633439,-5.50994173444559,-5.54054205834811,-5.56092433695189,-5.57601940599362,-5.55453233196047,-5.74039447813693,-5.51902879923768,-3.49750515317159
"RK118-adjacent-XY","M",6.6472115071685,6.15139432632558,7.23783644935024,-4.82300982333196,6.05934582356003,3.18014308283672,3.20091937000452,2.36864140329209,-4.9332470164356,-4.90264669253308,-4.8822644139293,-4.86716934488757,-4.88865641892072,-3.1178317720231,-4.92415995164351,1.99049377719445
"RK118-tumor-XY","M",1.89965247920131,5.57482724771657,6.7688943536199,-4.20324207925109,6.09714770618183,3.37104970687609,4.25602253561241,1.01850954340538,-5.76880570349255,-5.15324287886888,-6.71782310098625,-6.70272803194452,-6.72421510597768,-0.309534269305333,-6.75971863870046,0.0307556789167643
"RK119-adjacent-XX","F",-3.29521837617699,-5.50151312008564,-2.88308232070387,-2.58074021535847,-3.92405853334311,-3.76138034982362,-2.69239235705777,2.3426293394442,-5.80725598683844,-5.77665566293592,-5.75627338433214,-5.74117831529041,-5.76266538932357,-5.5768032431471,-1.98307884496582,-5.48342803539552
"RK119-tumor-XX","F",-1.84631179611747,-5.81693269572358,-6.00585681839941,-6.01243836937274,-3.00434295118874,-4.41867639934176,-2.40377906127376,3.10521227580754,-5.3857105453883,-6.09207523857386,-5.334727942882,-6.05659789092835,-6.0780849649615,-5.89222281878504,-6.11358849768429,-1.8362121585526
"RK120-adjacent-XY","M",5.94813309211611,5.62950837367729,6.58872036597078,-3.96152342400574,5.27604442148905,2.46152289364984,2.96599122300847,3.09936759563237,-5.43624873162326,-5.46684905552578,-5.48723133412956,-5.50232640317129,-5.48083932913813,-1.14313951925758,-2.73137170042817,-1.05856477516701
"RK120-tumor-XY","M",2.75579685241915,2.39215468288588,2.29900921786374,-6.74153314327696,1.42522405005468,-2.4706045965272,-0.620503525807103,1.66414078210256,-6.63129595017332,-6.66189627407584,-6.68227855267962,-6.69737362172135,-6.6758865476882,-3.40231707522736,-6.64038301496541,-1.24815635215978
"RK124-adjacent-XY","M",5.88949325353222,6.2077381332985,6.33591712265142,-6.40007274530593,6.10368448176857,1.60308016086275,4.47028796442509,1.27700530848836,-6.51030993840957,-6.47970961450705,-6.45932733590327,-6.44423226686154,-6.46571934089469,-0.853592440016131,-0.851178923044602,-0.395888107924354
"RK124-tumor-XY","M",5.85254472085511,5.81574526812061,6.42913719474109,-5.11547157836565,6.1786411934438,1.57786231514538,4.63860401752661,1.3392140540922,-6.02823922172101,-6.78007094828793,-6.75968866968415,-6.74459360064241,-6.76608067467557,-0.64948119093622,-3.84212265132721,0.797842847768375
"RK125-adjacent-XY","M",5.28560087612644,5.57486174900859,7.18941884544321,-5.84480239026606,4.93802475142602,2.16320643925118,4.34746135402371,2.05923185013705,-5.73456519716242,-5.76516552106494,-5.78554779966872,-5.80064286871045,-5.7791557946773,-2.79509293941145,2.14154096535246,-0.326758592248703
"RK125-tumor-XY","M",5.56998044848239,5.68772056549782,6.45967120234679,-6.44532648808203,5.19525847838395,-2.16723032359916,3.42242273762672,1.89516510264931,-6.3350892949784,-6.36568961888091,-6.38607189748469,-6.40116696652643,-6.37967989249327,-0.41579491916505,-6.34417635977048,-1.49016073999117
"RK126-adjacent-XY","M",5.30759221556587,6.15183002309668,6.62996122426231,-5.74905003836573,5.19136962694067,1.36205164449699,4.19570091388483,0.753547784764844,-5.63881284526209,-5.6694131691646,-5.68979544776839,-5.70489051681012,-5.68340344277696,-1.2254093991787,-3.96200011727866,0.382210171228677
"RK126-tumor-XY","M",2.36762903868959,2.94358980614564,2.83016772091415,-7.07164334888628,1.77129544720913,-4.18805140367802,0.4007915716739,2.41872614560375,-6.96140615578264,-6.99200647968515,-7.01238875828893,-7.02748382733067,-7.00599675329751,-4.38450397741637,-5.38553071985357,-1.83525880124877
"RK128-adjacent-XY","M",5.43943727849198,6.90383584601415,6.66453699822769,-5.74425722546028,5.83766721092291,1.597215917551,4.568580435003,0.710428406997567,-5.85449441856392,-5.8238940946614,-5.80351181605762,-5.78841674701589,-5.80990382104904,-0.669845364485704,-5.84540735377183,1.06924637506613
"RK128-tumor-XY","M",5.43454056910489,6.1349009496997,7.29440911499692,-6.27644103391191,5.5582230724278,1.29032571145676,4.82674227656131,0.915210192712136,-6.38667822701555,-6.35607790311304,-6.33569562450926,-6.32060055546752,-6.34208762950068,-0.798673478706132,-6.37759116222346,1.99143084249914
"RK130-adjacent-XY","M",5.42913500591548,6.16610329580866,6.86703521192971,-6.11133566482933,5.50077206363432,1.45894431031126,3.81050010281205,1.07727122963963,-6.0010984717257,-6.03169879562821,-6.05208107423199,-6.06717614327372,-6.04568906924057,-0.739698119087356,-6.01018553651778,-1.03363451031657
"RK130-tumor-XY","M",2.78475361237409,2.38339707966122,2.70704991187253,-7.25566154580163,2.26923669569936,-3.17699817386111,0.108604793375955,1.21571712155577,-7.14542435269799,-7.1760246766005,-7.19640695520429,-7.21150202424602,-7.19001495021286,-5.79091459566817,-5.56565888933555,-1.57815348171394
"RK131-adjacent-XY","M",5.63829533412783,6.18468675771279,6.84918141099931,-5.38592232622478,5.38543565220837,2.40851774558109,3.85641248285979,1.17323809404873,-5.27568513312114,-5.30628545702366,-5.32666773562744,-5.34176280466917,-5.32027573063601,-0.5519415664256,-3.51514177354461,0.49670971465636
"RK131-tumor-XY","M",5.28747516471209,5.8530995456166,6.70850043492646,-5.52362129352794,4.99141933751883,1.02931105545737,3.95358300759116,1.35945433317089,-5.4133841004243,-5.44398442432681,-5.46436670293059,-5.47946177197233,-5.45797469793917,-0.689640533728759,-5.42247116521639,1.57978258109309
"RK133-tumor-XY","M",6.63220261353022,5.59876521495847,8.2687308719686,-5.22882687152587,6.11588603110551,2.01837733710903,2.95320833231702,3.10032787884811,-5.33906406462951,-5.30846374072699,-5.28808146212321,-5.27298639308148,-5.29447346711464,-5.10861132093817,-5.32997699983742,-1.84531111174428
"RK135-tumor-XX","F",5.37101996520066,5.16594451517358,7.1757897458239,2.05072973081724,5.14870576477562,3.44435268258222,3.44792160762689,-0.568167767506284,-0.563881821569452,-0.84464230842311,-5.49714548984031,-3.11058355906465,-5.50353749483174,-5.31767534865527,-5.53904102755452,4.27392087497598
"RK140-adjacent-XY","M",6.22111512794374,6.61139063453514,6.87728150242623,-5.78102448165516,6.56771740129708,1.89311090483983,4.9806388641934,1.89605357213913,-5.8912616747588,-5.86066135085628,-5.8402790722525,-5.82518400321077,-5.84667107724393,-0.375406712205215,-1.5943800937789,1.17403326308526
"RK140-tumor-XY","M",6.11171632164327,6.55882755224995,6.63755223088453,-6.23263486441024,6.22223365199115,1.53771583734405,5.19922932569964,1.44444318938405,-3.30640705548691,-2.53854942002567,-3.46045522162374,-6.27679438596585,-6.29828145999901,-0.181681976259661,-2.09547488200792,0.74914021870596
"RK141-adjacent-XX","F",-1.9434154259711,-3.19798389780907,-5.33098787002059,-5.32440631904727,-3.92572963420773,-3.72274761285809,-2.84226403692012,1.75897569980738,-5.21416912594363,-5.24476944984615,-5.26515172844993,-5.28024679749166,-5.2587597234585,-5.44462186963497,-3.46569523505199,-2.36396720217798
"RK141-tumor-XX","F",-1.68901641903367,-4.30923722117024,-5.70527559921556,-5.69869404824224,-3.07933688585517,-2.4864563201382,-3.68806599096263,1.08845454563506,-5.5884568551386,-5.61905717904111,-5.63943945764489,-5.65453452668663,-5.63304745265347,-5.81890959882993,-3.98646126839145,-3.10344920291041
"RK143-adjacent-XY","M",6.14859049295614,6.42966250267043,6.82419882355413,-5.78994395192441,6.3217526917839,1.43802403784757,4.61652456463676,0.664741680533435,-5.90018114502805,-5.86958082112553,-5.84919854252175,-5.83410347348002,-5.85559054751317,-0.115139549659073,-2.52458301645467,0.652465496910751
"RK143-tumor-XY","M",5.79333692150721,6.5575874337465,7.47785966856792,-6.74841981852034,6.60128500175006,0.845620985492307,4.82614430930765,0.928658235273952,-6.85865701162398,-6.82805668772146,-6.80767440911768,-6.79257934007595,-6.81406641410911,0.457137419921532,-4.44303055558998,-1.58046429007993
"RK145-adjacent-XY","M",6.79647289004614,6.22228634892879,6.6676156863221,-5.44781698169138,6.45547064603003,2.47333428689248,2.95553466825318,2.59183115148762,-5.55805417479502,-5.5274538508925,-5.50707157228872,-5.49197650324699,-5.51346357728015,-0.28320731174523,-5.54896711000293,0.0511759955101461
"RK145-tumor-XY","M",6.7881486885796,5.95108107538264,6.88610826422485,-6.65514093134087,6.15925033250366,1.38156453453883,4.19451545203361,1.91502191853691,-6.76537812444451,-6.734777800542,-6.71439552193822,-6.69930045289648,-6.72078752692964,-0.125534444615474,-6.75629105965242,-2.19362265955801
"RK147-adjacent-XY","M",5.99724451844203,6.75328513891021,6.70059460059855,-5.50319079406073,6.16451663191715,2.03490419651709,3.95080884926882,1.62602902564567,-5.39295360095709,-5.4235539248596,-5.44393620346338,-5.45903127250512,-5.43754419847196,-0.26585434003034,-5.40204066574918,0.704498207787592
"RK147-tumor-XY","M",4.96552456895831,5.8594433943883,6.47865955692008,-6.03218223350307,5.41836524381526,1.44283407445137,3.48867968475432,1.76587147315368,-5.92194504039943,-5.95254536430194,-5.97292764290572,-5.98802271194746,-5.9665356379143,-0.726133029388666,-4.23873704116377,-1.102777446757
"RK149-tumor-XY","M",6.64668686821715,6.14889543718373,4.95890431663968,-2.24734895361798,6.27252312071486,0.386913907264264,4.41545930754028,1.55824384069899,-1.39200847680547,0.309642469232179,-6.83016550027234,-1.74201835479945,-3.16102291576638,-0.673415435587383,-1.01886887438537,-3.09757196144922
"RK150-tumor-XY","M",6.69493314831637,6.79688656295987,6.27202643476139,-6.4273885312127,7.1518381163934,2.37907246395088,4.45135858216307,2.3492251961325,-5.18491690927995,-6.50702540041382,-6.48664312181004,-6.47154805276831,-6.49303512680147,1.31487883883137,-4.88178061022707,0.0903408288599998
"RK151-adjacent-XY","M",6.25966803067697,6.63874740161033,7.44026186475232,-5.41357282454184,6.22202479237556,2.67737568612185,3.70870155116575,2.26350522925245,-4.78694195296057,-5.49320969374296,-4.73844598101486,-5.45773234609745,-5.47921942013061,-0.901039851175384,-3.64745034229371,0.777714392528491
"RK151-tumor-XY","M",5.4875850394896,5.75608521928871,8.31889503622672,3.346403674205,4.4849277185849,-2.86428666666944,4.28752544282087,3.96862261958783,3.16843830810215,6.6290318261978,3.2070626935917,4.14252883808707,4.29957906374698,-1.59532930840508,-4.86707211391,-3.55245734377467
"RK153-tumor-XY","M",7.07379621092094,5.98240032078753,6.99864654951104,-5.95246406029502,6.15774641716096,1.77743458404715,3.37027124742953,3.77524006656924,-6.06270125339866,-6.03210092949615,-6.01171865089237,-5.99662358185063,-6.01811065588379,-1.07736100754386,-6.05361418860657,-5.73887330195574
"RK155-adjacent-XX","F",-1.34502374832259,-2.60647042348829,-3.53236014033033,-5.12390419202481,-2.61397833746692,-2.30774980065739,-2.45932038968715,2.06774703459924,-5.23414138512845,-5.20354106122593,-5.18315878262215,-5.16806371358042,-5.18955078761358,-5.00368864143711,-5.22505432033636,-3.32535093296438
"RK155-tumor-XX","F",-1.75084974734323,-3.70420462951929,-4.63009434636133,-6.22163839805581,-4.44867813766412,-3.40548400668839,-2.93673882739805,1.81800973512319,-6.33187559115945,-6.30127526725694,-6.28089298865316,-6.26579791961142,-6.28728499364458,-6.10142284746812,-3.39544688701898,-2.15996537623012
"RK156-tumor-XY","M",7.05939344293505,6.60168136341852,6.58210797587844,-6.67314241481802,6.5751084619614,2.04369490809922,3.89765938620871,1.89702043505976,-4.4614515130343,-6.75277928401914,-6.73239700541536,-6.71730193637363,-6.73878901040679,0.215257460546602,-5.18772761756888,-2.55266106087022
"RK157-adjacent-XY","M",5.49708607517793,7.28347137300355,6.84544274667801,-5.58346642826987,6.24009327675471,1.39111732570204,4.94292671252223,1.60818479835418,-5.69370362137351,-5.66310329747099,-5.64272101886721,-5.62762594982548,-5.64911302385863,0.151458966433038,-5.68461655658142,0.581566094973527
"RK157-tumor-XY","M",3.93638596585353,4.16563930785421,4.02533328258352,-6.4148337095403,3.22824895130312,-1.54805324510291,1.67798623446244,0.0398519229175447,-6.52507090264394,-6.49447057874142,-6.47408830013764,-6.45899323109591,-6.48048030512906,-2.38772756334408,-6.51598383785185,-4.61612176275303
"RK159-adjacent-XY","M",4.74737689229451,5.30959384104938,7.24615396611009,-4.65603236576577,4.38238206253547,2.04941368259053,4.2277395098434,1.55705884016982,-4.54579517266213,-4.57639549656465,-4.59677777516843,-4.61187284421016,-4.59038577017701,-1.96889299429587,-2.8689896191383,0.570270044735
"RK159-tumor-XY","M",3.30424609793163,5.6493123028458,7.67417328370067,-5.91880937606252,5.59705246598007,-3.06001083272904,4.23517494152272,1.52803187759774,-5.80857218295888,-5.8391725068614,-5.85955478546518,-5.87464985450691,-5.85316278047375,-0.994630807291762,-5.81765924775097,2.49522920918642
"RK162-adjacent-XY","M",5.91139837870178,6.47368266458609,6.82910534271691,-6.65864495355545,5.89050819364513,1.25102132373512,4.60732174108816,2.45900569162482,-6.76888214665909,-6.73828182275657,-6.7178995441528,-6.70280447511106,-6.72429154914422,-0.607692065404868,-0.773006000726558,-0.612164181051432
"RK162-tumor-XY","M",2.1868756927079,2.21485250708929,2.42479459302115,-6.86023641617266,1.36965823825794,-2.32787499080582,-0.345667521263543,-0.405550783714812,-6.97047360927629,-6.93987328537378,-6.91949100677,-6.90439593772826,-6.92588301176142,-6.74002086558496,-6.9613865444842,-1.51073949127385
"RK163-adjacent-XX","F",-1.86872030237693,-3.86721757723533,-5.64110420063233,-5.64768575160565,-2.65233306987751,-2.83153136023823,-2.69722441480345,2.02939230218864,-5.75792294470929,-5.72732262080677,-5.70694034220299,-5.69184527316126,-5.71333234719441,-5.52747020101795,-3.16749331063943,-3.84913249254521
"RK163-tumor-XX","F",-4.32304431864909,-4.20597937056106,-5.97986599395805,-5.98644754493138,-3.47652169037348,-3.43607921664339,-3.32059299953088,0.468238087526467,-6.09668473803501,-6.0660844141325,-6.04570213552872,-6.03060706648699,-6.05209414052014,-5.86623199434368,-6.08759767324293,-4.18789428587094
"RK164-adjacent-XY","M",5.66583325819644,6.03868472567571,6.56682438959399,-6.54025524979622,5.4733777777635,2.29191145319032,4.75574000076816,0.651395976827827,-6.65049244289986,-6.61989211899734,-6.59950984039356,-6.58441477135183,-6.60590184538499,-1.89647774315151,-1.60651479011372,0.570351258022034
"RK164-tumor-XY","M",5.82747169200211,6.37966972692638,7.22628258255615,-3.76732568857447,5.56236459064923,2.32184721141312,5.01121627276378,-0.482565057558936,-5.46252538239926,-5.43192505849674,-5.41154277989297,-5.39644771085123,-5.41793478488439,-0.708510682650912,-1.7364583943089,1.4311581773746
"RK167-adjacent-XY","M",4.7639989462996,4.80660096737553,7.20379912112348,-3.90347087626468,4.2088887455417,1.96887897141681,4.27127430437061,1.26953466201808,-5.42778420445377,-5.45838452835629,-5.47876680696007,-5.4938618760018,-5.47237480196865,-5.65823694814511,-5.43687126924586,-0.685184940681437
"RK167-tumor-XY","M",5.62238244983731,5.14623588692814,6.50106473201999,0.0558257878907176,4.50990973354919,0.581372085022833,3.32630487942945,1.95877909589742,-6.31081850798696,-4.17212683152016,-6.36180111049326,-6.37689617953499,-4.44673759264701,-2.63438065606978,-4.69322441070575,1.73421505779715
"RK169-adjacent-XY","M",3.86037189403591,4.69705723747655,5.28996865763916,-5.37035367383179,2.94176539766793,-0.717698014747249,2.69684097508939,1.82129755279226,-5.48059086693543,-5.44999054303292,-5.42960826442914,-5.4145131953874,-5.43600026942056,-5.2501381232441,-1.91706991037405,-3.57180041477136
"RK169-tumor-XY","M",5.69080102076478,6.9644059242413,7.03980470790823,-5.16981889862755,5.93587736593188,2.0773852908988,5.19689945015743,1.28486673383029,-5.28005609173119,-5.24945576782867,-5.22907348922489,-5.21397842018316,-5.23546549421632,-0.759594530868645,-2.30058911070698,0.173464543878315
"RK172-adjacent-XX","F",-3.2806840845717,-5.48554723137102,-4.0895088533257,-5.68105290502018,-3.17112705046229,-2.50232843426805,-3.6542032396045,3.09556082232502,-5.79129009812382,-5.76068977422131,-5.74030749561753,-5.72521242657579,-5.74669950060895,-5.56083735443249,-2.25519452177994,-1.76010213103587
"RK172-tumor-XX","F",-2.10883046931451,-4.79912044328408,-6.57300706668107,-6.5795886176544,-4.0696627630965,-4.21066819785146,-2.86834110304101,-0.124902985196553,-6.68982581075803,-6.65922548685552,-6.63884320825174,-6.62374813921001,-6.64523521324316,-6.4593730670667,-6.68073874596595,-2.90344526606523
"RK175-adjacent-XY","M",4.80377883867635,5.97496794560199,6.03383291942187,-5.64207663594736,5.68994199299007,0.996079453442069,4.63024125690788,1.54957459067669,-5.752313829051,-5.72171350514848,-5.7013312265447,-5.68623615750297,-5.70772323153613,-0.164309080741578,-0.698170993086238,-0.384091758249628
"RK175-tumor-XY","M",3.11353489788986,3.47612985559415,3.92318351498422,-6.03904794351748,2.4481578437003,-2.32980875606657,1.33394037682958,3.35423714427622,-6.14928513662112,-6.1186848127186,-6.09830253411482,-6.08320746507309,-6.10469453910625,-4.33386989220863,-3.11421464964747,-3.0181022631206
"RK177-adjacent-XY","M",5.73479262561292,6.25346403725739,6.8971764399161,-4.20036062281936,5.46078591155332,1.27318141060713,3.80953596592705,5.6727285621108,-6.16295708434321,-6.19355740824573,-6.21393968684951,-6.22903475589124,-6.20754768185809,0.049533667814179,1.27358869190596,0.464577903191227
"RK177-tumor-XY","M",5.41800360336301,5.74231511566282,7.20495287140745,4.17444438902276,5.07025980067314,0.367350508469085,3.51967775276261,1.24026073120679,-2.35082133653036,-0.344007915426386,-6.76426779608862,-6.77936286513035,-3.43757250836379,-1.65833571841141,-5.08703390608332,1.31783216003338
"RK178-adjacent-XX","F",-3.1023214025082,-3.72222204858638,-5.49610867198337,-5.50269022295669,-5.31469246328616,-3.17196265875951,-3.46299735223697,3.75935033155876,-5.61292741606033,-5.58232709215781,-5.56194481355403,-5.5468497445123,-5.56833681854546,-5.38247467236899,-3.9961421749912,-2.46357472604927
"RK178-tumor-XX","F",-2.63236312710245,-5.32265310107202,-5.51157722374786,-5.51815877472118,-3.74519851432949,-5.50935930541136,-2.36671852469616,0.936526857736659,-5.62839596782482,-5.59779564392231,-5.57741336531853,-5.56231829627679,-5.58380537030995,-5.39794322413349,-5.61930890303273,-5.30456801638191
"RK181-adjacent-XY","M",5.58002286164444,6.21382242328727,6.77190801529203,-5.6023612924973,5.49327826933674,1.79014246928657,5.05217301612284,2.4372868406817,-5.71259848560094,-5.68199816169842,-5.66161588309464,-5.64652081405291,-5.66800788808607,-2.02271412327231,-5.70351142080885,0.541966803404864
"RK181-tumor-XY","M",1.48529098023955,1.93639369672276,2.60227166727717,-6.62105574189146,0.805772107900655,-3.80490135052403,-0.0495387177455286,1.05602231190284,-6.7312929349951,-6.70069261109258,-6.6803103324888,-6.66521526344707,-6.68670233748022,-6.50084019130376,-6.72220587020301,-4.81968332756694
"RK185-adjacent-XY","M",5.92211620039927,6.24708763874674,7.18461050218357,-5.81685479076058,5.87703541070671,1.94013751471828,5.00020690145408,1.37479643586347,-5.92709198386422,-5.89649165996171,-5.87610938135793,-5.86101431231619,-5.88250138634935,-0.487185874543936,-2.10591008864427,1.11098148524482
"RK185-tumor-XY","M",5.52070606583673,5.79211824579706,7.08064537521698,-6.98164227291767,5.51782000220131,1.6674021326145,4.61046836724254,-0.526956640459824,-7.0918794660213,-7.06127914211879,-7.04089686351501,-7.02580179447328,-7.04728886850643,-0.0932423975530433,-2.94394599290608,-1.7235463556931
"RK186-adjacent-XX","F",-1.40303997616607,-3.6079031229654,-3.79682724564123,-5.38837129733571,-5.20037353766518,-5.37957182802589,-3.46075308916426,9.9821937139579,-5.49860849043935,-5.46800816653684,-5.44762588793306,-5.43253081889132,-5.45401789292448,-5.26815574674802,-5.48952142564726,-2.79522500425628
"RK186-tumor-XX","F",-3.08468836902551,-6.13754842237979,-4.00454445016826,-6.33305409602895,-6.14505633635841,-3.15432962527681,-3.49393757296322,1.70659403715005,-6.44329128913258,-6.41269096523007,-6.39230868662629,-6.37721361758456,-6.39870069161771,-6.21283854544125,-1.68438734484195,-6.11946333768967
"RK189-tumor-XY","M",5.79757638100787,5.27279428053694,5.47027409908189,-1.16869205987975,5.48235783961886,0.564569889863726,4.10499510374527,0.5944171576821,-5.94575006780243,-1.02486666266934,-2.67419156028547,-6.01182773935045,-3.2114336234865,-0.621613959816124,-5.95483713259451,-1.02356706984223
"RK190-adjacent-XY","M",5.74175902877624,6.30196948617418,6.82576933423055,-5.90511288995234,5.73048472903122,2.13159257592736,4.75376097337073,2.87150083739286,-6.01535008305598,-5.98474975915347,-5.96436748054969,-5.94927241150795,-5.97075948554111,-1.87800674375613,-0.136518124817936,1.38529346543777
"RK190-tumor-XY","M",6.12457419797328,5.58645662775773,6.51355725402999,-6.35933731264552,5.85829277506915,1.8734638308624,4.76405443582808,1.31774074114877,-6.46957450574916,-6.43897418184664,-6.41859190324286,-6.40349683420113,-6.42498390823429,-1.5952655722831,-4.12212007900861,1.90914633348899
"RK191-adjacent-XX","F",-2.15886382490552,-3.91813573105933,-4.10705985373516,-5.69860390542964,-2.7032512237015,-4.10484193539867,-2.87139858993364,2.63055084494434,-5.80884109853328,-5.77824077463076,-5.75785849602698,-5.74276342698525,-5.76425050101841,-5.57838835484194,-1.37888079466381,-2.31474674821881
"RK193-adjacent-XX","F",-2.99858026365616,-3.72948080572796,-6.24045420458505,-6.24703575555837,-4.47407549516668,-3.43088136419095,-4.08021424103773,0.94461547106568,-6.35727294866201,-6.32667262475949,-6.30629034615571,-6.29119527711398,-6.31268235114714,-6.12682020497067,-1.31633453564125,-4.44848249649793
"RK193-tumor-XX","F",-1.59475372623347,-5.72561629158902,-5.91454041426485,-5.92112196523818,-3.41119611068028,-5.91232249592836,-2.05428670955888,1.27052926138587,-6.03135915834182,-6.0007588344393,-5.98037655583552,-5.96528148679379,-5.98676856082694,-5.80090641465048,-6.02227209354973,-2.89812499489785
"RK196-adjacent-XY","M",5.77189517821806,6.91724743441967,6.81782548920431,-6.10631462027939,5.84768314534675,1.15987269172308,4.81667313884105,1.08533660634466,-6.21655181338303,-6.18595148948051,-6.16556921087673,-6.150474141835,-6.17196121586815,-1.03190275930481,-2.90162902158972,1.49129260633014
"RK196-tumor-XY","M",4.90965115824043,5.20189033149095,4.94022041066193,-6.19757504539767,4.37465239977818,-0.516350290692632,3.697832131068,2.57903868194754,-6.30781223850131,-6.27721191459879,-6.25682963599501,-6.24173456695328,-6.26322164098644,-3.27000457275237,-4.54489988603875,-4.39902178633723
"RK198-adjacent-XX","F",-2.30646119400435,-4.99675116797393,-5.18567529064976,-5.19225684162308,-5.00425908195255,-2.37610245025566,-4.84960113417279,3.58435688572212,-5.30249403472672,-5.27189371082421,-5.25151143222043,-5.23641636317869,-5.25790343721185,-5.07204129103539,-1.14328195446543,-3.39370358256265
"RK198-tumor-XX","F",-2.36041510923114,-5.41327516258542,-5.60219928526126,-5.60878083623458,-5.42078307656405,-3.2780532720374,-5.26612512878428,0.845904796223264,-5.71901802933822,-5.6884177054357,-5.66803542683192,-5.65294035779019,-5.67442743182334,-5.48856528564688,1.19061037335619,-2.2186343224355
"RK199-adjacent-XX","F",-2.86079705416796,-5.30014072560664,-6.69617910365196,-6.68959755267864,-5.27436137443617,-3.22047935160771,-1.76397675417899,1.62108948471119,-6.579360359575,-6.60996068347751,-6.63034296208129,-6.64543803112303,-6.62395095708987,-6.80981310326633,0.240052655686181,-2.46926876244376
"RK199-tumor-XX","F",-2.6718411227854,-7.31315032304552,-7.12422620036968,-7.11764464939636,-4.49805626213469,-3.41564583849492,-2.49968662006557,2.13084332641014,-7.00740745629272,-7.03800778019524,-7.05839005879902,-7.07348512784075,-7.05199805380759,-7.23786019998406,0.414389938090329,-2.90874026949425
"RK201-adjacent-XY","M",5.65814483181808,6.92043730212866,6.62010677279581,-6.64459910311644,5.54717380010979,1.4674881746054,4.78071408878317,2.61744145139901,-6.75483629622008,-6.72423597231756,-6.70385369371378,-6.68875862467205,-6.7102456987052,-0.796463097965541,-2.22946978269129,1.13123407944391
"RK201-tumor-XY","M",5.28603686517283,6.41523787993211,6.8411399344238,-4.82261117351074,5.70388124786166,0.109020435276616,4.24915603579436,2.71007697094837,-6.51781086733554,-6.48721054343302,-6.46682826482924,-6.45173319578751,-6.47322026982066,-0.45446810947946,-2.90975410696729,-0.702129819562946
"RK202-adjacent-XX","F",-5.4222175227654,-5.30515257467737,-5.4940766973532,-5.50065824832653,-2.99073239376863,-5.49185877901671,-3.56902340297517,2.17641980546776,-5.61089544143017,-5.58029511752765,-5.55991283892387,-5.54481776988214,-5.56630484391529,-5.38044269773883,-0.115441592127284,-3.6937548369992
"RK202-tumor-XX","F",-2.18486329097494,-6.15729683270507,-6.3462209553809,-6.35280250635423,-6.16480474668369,-3.5366481149868,-4.4243199019598,3.37490162051003,-6.46303969945786,-6.43243937555535,-6.41205709695157,-6.39696202790984,-6.41844910194299,-6.23258695576653,-4.73384669017095,-6.13921174801495
"RK205-adjacent-XY","M",6.24618336770099,6.66769152400989,6.8539457727625,-5.43079480964806,6.26846144651322,2.25217551148513,4.51737193257255,1.02389082280978,-5.5410320027517,-5.51043167884919,-5.49004940024541,-5.47495433120367,-5.49644140523683,-0.1812962421154,-2.18041497778133,0.455493453453875
"RK205-tumor-XY","M",6.06592922023426,6.5723071632204,7.79748935873539,0.284996765593409,6.21277254556168,1.90823050660155,4.4834192393782,0.926175337240093,4.71317062927671,5.91261355263672,2.29510521854227,3.01775671119648,4.42343975799305,-2.23836974318774,-6.36662601769551,-4.46692263032352
"RK207-adjacent-XY","M",5.43562346102319,6.24051113690122,7.66858435468547,-3.60185321588393,5.52768128220201,2.50146385221018,5.04338523558574,8.30861625819606,-5.29705290970873,-5.26645258580621,-5.24607030720243,-5.2309752381607,-5.25246231219386,-2.25924524395979,-3.61970145932029,1.17652216123887
"RK207-tumor-XY","M",1.55297836076269,1.45679926972847,2.8443009658193,-5.55888536633588,1.13690700182576,-5.55008589702606,-0.968302145441997,2.7702693840381,-5.66912255943952,-5.638522235537,-5.61813995693322,-5.60304488789149,-5.62453196192465,-5.43866981574818,-5.66003549464743,-5.3452946079966
"RK209-tumor-XY","M",5.94290218000235,5.4397426696702,6.70648836214629,2.35059220090737,5.30077829238712,0.166173143706436,3.18508673629624,1.27246903300844,4.33009040667857,6.80197712735423,3.60925524936595,4.3510196243123,4.0231876150658,-0.967505031641152,-4.9059207453504,-1.36024421905216
"RK210-tumor-XY","M",3.39958750086416,3.94679883144821,4.28565186290233,-6.29173412579549,2.70786196712057,-1.5154015709155,1.42977850870705,0.16295150666235,-6.40197131889913,-6.37137099499662,-6.35098871639284,-6.3358936473511,-6.35738072138426,-3.36416365315019,-6.39288425410704,-2.60999409717118
"RK211-adjacent-XX","F",-3.51093337131471,-3.87929525039692,-3.2202224665178,-6.39672901893344,-4.62182531521335,-3.99150259477527,-6.05407331148314,-1.52700588719675,-6.50696621203708,-6.47636588813456,-6.45598360953078,-6.44088854048905,-6.4623756145222,-6.27651346834574,-0.973984594233415,-3.13191931195209
"RK211-tumor-XX","F",-2.52146169700194,-4.17266510227375,-3.87616239777934,-6.69009887081027,-4.17766375615207,-3.87394447944285,-4.6601763904485,0.501552355813778,-6.80033606391391,-6.76973574001139,-6.74935346140761,-6.73425839236588,-6.75574546639904,-6.56988332022257,-2.99569689260498,-3.0170764938337
"RK212-adjacent-XY","M",5.4572318759935,7.05884716550628,6.67157151662162,-6.24246346689977,5.9379814258821,0.946245112324227,4.66757311341907,0.949187759724281,-6.35270066000341,-6.32210033610089,-6.30171805749711,-6.28662298845538,-6.30811006248853,0.287143019825631,-3.00640575036203,0.386659741813189
"RK212-tumor-XY","M",6.75558627380664,6.53016154437558,6.9485161211067,-6.26523223070185,5.82212293077583,1.58277102670491,4.90179444667368,-1.39550909896516,-6.37546942380549,-6.34486909990297,-6.32448682129919,-6.30939175225746,-6.33087882629061,0.00473043939053097,-4.73346368124672,-0.943856952412634
"RK213-adjacent-XY","M",6.18602352139749,6.2401279160676,6.97693160464451,-4.08878218185466,5.9884627571737,1.45834504545612,4.41210417735378,2.94765020190345,-6.28023763638046,-6.24963731247795,-6.22925503387417,-6.21415996483243,-6.23564703886559,-0.623520137987028,-0.411647142810515,0.310950184995606
"RK213-tumor-XY","M",4.43475719694946,4.69013575159333,7.00670328015497,-5.7896156718855,4.16821993141447,-0.826619892188809,4.49994631294459,0.66506996057234,-5.89985286498914,-5.86925254108663,-5.84887026248285,-5.83377519344111,-5.85526226747427,-5.66940012129781,-2.42013757381884,-3.99075370911644
"RK214-adjacent-XY","M",5.7740021706231,6.67045107784103,7.00829193917899,-5.4803412413326,5.76556787289528,2.09070065219829,5.00061284901327,-0.610618109595911,-5.59057843443624,-5.55997811053372,-5.53959583192994,-5.52450076288821,-5.54598783692136,-0.716269500970175,-3.97115037256553,2.28487594733594
"RK214-tumor-XY","M",6.05087175808349,5.52831240929734,8.31692776484391,-4.16584305291796,5.65405929328315,1.76420230497745,4.79482595660351,2.28884257953989,-6.59800834090896,-6.56740801700644,-6.54702573840266,-6.53193066936093,-6.55341774339409,-1.08215337835537,-6.58892127611687,1.71491040991439
"RK216-adjacent-XX","F",-2.71824256585067,-6.069241888235,-6.25816601091084,-6.26474756188416,-4.49178730149247,-3.93401999768698,-2.6530892383627,3.5591718802394,-6.3749847549878,-6.34438443108528,-6.3240021524815,-6.30890708343977,-6.33039415747293,-6.14453201129646,-0.444207538993009,-2.56593119483974
"RK216-tumor-XX","F",-3.40397689237232,-6.74634356292159,-6.93526768559742,-6.94184923657075,-5.16888897617906,-4.61112167237356,-4.06077605036443,1.09779889660825,-7.05208642967439,-7.02148610577187,-7.00110382716809,-6.98600875812636,-7.00749583215951,-6.82163368598305,-7.0429993648823,-1.8701848551063
"RK219-tumor-XX","F",-1.98715454954855,-4.37265257056795,-3.82461109907758,-6.15312074493827,-2.50389645947508,-6.14432127562845,-3.8505346741394,1.03853048168578,-6.26335793804191,-6.23275761413939,-6.21237533553561,-6.19728026649388,-6.21876734052704,-6.03290519435057,-6.25427087324982,-3.13192694233225
"RK222-adjacent-XX","F",-2.14648510181222,-2.3919902331089,-1.92883765920504,-5.39485082881566,-2.88488573348632,-3.80108885878468,-2.84085578791204,1.05983480364218,-5.5050880219193,-5.47448769801678,-5.454105419413,-5.43901035037127,-5.46049742440443,-5.27463527822796,-5.49600095712721,-3.59629756975522
"RK222-tumor-XX","F",-1.59240783479376,-2.21401197086262,-2.76550617292317,-5.57944264595409,-2.54276406396227,-5.57064317664427,-5.23678693850379,2.74971210441989,-5.68967983905773,-5.65907951515522,-5.63869723655144,-5.6236021675097,-5.64508924154286,-5.4592270953664,-5.68059277426564,-3.02598991575432
"RK223-tumor-XY","M",5.54331869315113,5.2274679248533,7.39220640036731,-3.63928393660209,5.30471408437432,-0.357465972885857,4.64419244576912,3.55236729002196,-4.28112896833671,0.720033617289052,-2.26319725629594,-5.26840595887886,-1.71227713495926,-1.93410588529324,-5.3253965656348,2.26546872629027
"RK224-adjacent-XY","M",5.59323468316954,6.45007921257729,7.3373809851535,-5.16380618149104,5.20534383504506,1.9430253707793,5.39505906018993,1.2908794509668,-5.27404337459468,-5.24344305069217,-5.22306077208839,-5.20796570304665,-5.22945277707981,-0.795663117459762,-2.00978403488107,0.831144290372893
"RK224-tumor-XY","M",5.80813451917377,6.74840367959198,7.10440375767155,-6.43489892309973,5.26888434612542,0.773572891046458,4.44020936989139,0.756752303524324,-6.54513611620336,-6.51453579230085,-6.49415351369707,-6.47905844465534,-6.50054551868849,-1.27028925315357,-2.02668333181699,0.37860467742668
"RK228-adjacent-XY","M",5.64872225126765,6.63901904019392,7.530972477396,-5.63563803887713,5.60399585510615,1.42844386593388,4.99360044206872,2.04144001491716,-5.74587523198077,-5.71527490807825,-5.69489262947447,-5.67979756043274,-5.7012846344659,-2.05599086965214,-2.12895839749804,0.250378061433641
"RK228-tumor-XY","M",5.98172975033097,6.94347825790744,10.6982795437118,-4.06393723406615,6.3508740810125,3.55711642763256,6.71160830456895,4.50622561581163,-5.75913692789095,-5.72853660398843,-5.70815432538465,-5.69305925634292,-5.71454633037607,-1.82824446605852,-5.75004986309886,3.3229142382787
"RK230-adjacent-XX","F",-1.4853266948824,-4.82769336543166,-2.69468939322014,-5.02319903908082,-4.83520127941029,-3.42943706904985,-1.48660005174308,2.65387901471347,-5.13343623218446,-5.10283590828194,-5.08245362967816,-5.06735856063643,-5.08884563466959,-4.90298348849312,-2.18561322701671,-3.2242688049723
"RK230-tumor-XX","F",-3.46529577143429,-3.8336576505165,-2.8850782494424,-6.35109141905302,-3.83920079818129,-6.3422919497432,-2.45144012033637,1.32598663474127,-6.46132861215666,-6.43072828825414,-6.41034600965036,-6.39525094060863,-6.41673801464179,-6.23087586846532,-6.45224154736457,-3.80435747830099
"RK232-adjacent-XX","F",-2.35060952221144,-6.32173960943567,-4.18873563722415,-6.51724528308483,-4.73904410548929,-3.3385208123327,-3.79320208916488,0.674405943539216,-6.62748247618847,-6.59688215228596,-6.57649987368218,-6.56140480464044,-6.5828918786736,-6.39702973249714,-1.52133373550978,-2.05072710374485
"RK232-tumor-XX","F",-2.5431354678716,-6.51353336103391,-2.79556688810123,-6.70903903468307,-4.19911318012517,-2.99979984723216,-4.74252489126799,-0.254353402225227,-6.81927622778671,-6.78867590388419,-6.76829362528041,-6.75319855623868,-6.77468563027184,-6.58882348409537,-6.81018916299462,-3.68514955205625
"RK235-adjacent-XY","M",5.87639935650917,7.0170222522807,7.01521582379829,-5.59290440311488,6.28683166928059,1.94727652671125,4.41358765998009,0.861781229342961,-5.70314159621852,-5.672541272316,-5.65215899371222,-5.63706392467049,-5.65855099870365,0.54967896050127,-0.770414803925674,0.463912535225729
"RK235-tumor-XY","M",5.8924785683359,6.54861548220028,6.41915482846472,-6.4173476163809,4.94442396190287,0.19136469511605,4.50154153638995,0.774303610243153,-5.30519197594956,-6.49698448558202,-5.25420937344327,-6.46150713793651,-6.48299421196966,-0.97990239193074,-6.51849774469245,-1.95186571253882
"RK236-adjacent-XX","F",-2.30508329957241,-5.64744997012168,-5.83637409279751,-5.84295564377084,-3.33302978921294,-2.66423117301871,-5.50029993632054,2.19669248940816,-5.95319283687448,-5.92259251297196,-5.90221023436818,-5.88711516532645,-5.9086022393596,-5.72274009318314,-0.749948573147285,-3.30720482383125
"RK236-tumor-XX","F",-3.13406335832382,-5.82544236201378,-6.01436648468961,-5.90082085646655,-3.71747305857247,-4.78975614501667,-3.27234824065015,-2.7361874046474,-7.71614772948773,-7.68554740558521,-7.66516512698143,-7.6500700579397,-7.67155713197286,-7.48569498579639,-6.08950263295348,-2.53433878291724
"RK237-adjacent-XY","M",5.93220111774759,6.54537893123135,6.54616500030647,-5.47548308389714,6.55447207565893,3.06079339147307,4.30793777221549,1.71616814272691,-5.58572027700078,-5.55511995309826,-5.53473767449448,-5.51964260545275,-5.54112967948591,0.136585563020229,-5.57663321220869,1.74634083871443
"RK237-tumor-XY","M",6.13673049027187,6.53083776164732,6.94789937277016,-7.43894021973653,5.68680663052631,1.81065057696601,4.57533276757676,-0.247288993112481,-7.54917741284017,-7.51857708893765,-6.112470017877,-7.48309974129214,-7.5045868153253,-0.524308802798727,-5.91735018310037,-0.774952951996631
"RK241-adjacent-XY","M",5.60758870145026,6.66055210019353,7.19582509900129,-6.2093665548513,6.18433227698473,1.31513275274257,5.033691396842,2.74781941813573,-5.73464124723378,-4.70403996153489,-5.68365864472748,-6.2535260764069,-6.27501315044006,-0.158413666700711,-0.110682530014158,-0.112861839348975
"RK241-tumor-XY","M",5.82815251332225,6.42107731972095,7.61197854700809,-6.72880644370872,6.5950608929309,0.414512845860043,4.96217409957294,1.60034830666527,-4.91147329555891,-1.84658609808358,-5.76600860668869,-6.77296596526433,-6.79445303929748,0.42483210841643,-6.82995657202027,-3.33805275563092
"RK243-adjacent-XX","F",-1.51968626345985,-4.86205293400911,-3.46601455596379,-5.05755860765827,-3.28459834726658,-3.4637966376273,-4.71490290020797,2.61951944613602,-5.16779580076191,-5.1371954768594,-5.11681319825562,-5.10171812921388,-5.12320520324704,-4.93734305707058,-1.29326436705098,-3.25900534859784
"RK243-tumor-XX","F",-3.06175397060266,-6.40412064115192,-3.42311976238544,-6.59962631480108,-2.49343736486431,-3.71846612684099,-4.5944679385683,1.44002181837792,-6.70986350790472,-6.6792631840022,-6.65888090539842,-6.64378583635669,-6.66527291038985,-6.47941076421338,-1.84446516427247,-2.92644262730667
"RK256-adjacent-XY","M",4.45641131230191,5.36412972545014,7.91236881325834,-4.92809110268756,4.72954847422249,2.80180755532945,5.0014043964767,1.52659452977029,-5.0383282957912,-5.00772797188868,-4.9873456932849,-4.97225062424317,-4.99373769827632,-4.80787555209986,-5.02924123099911,1.97200018283494
"RK256-tumor-XY","M",5.94301797235971,6.10988043162093,6.59787068459152,3.04865538838178,5.46534583198499,1.92950856966609,4.5846790033141,2.76305183127625,0.374846299676944,2.41512044945827,-1.96836827393164,0.736689695436752,-3.27776422263863,-0.650852718088301,-5.01517635082959,-1.53051046273645
"RK258-adjacent-XY","M",5.50312387150798,6.42654046377642,7.14847619931875,-6.58974251129183,6.45914372168243,1.54317826984718,5.30040536922107,4.21071795800774,-6.69997970439547,-5.0844168797718,-6.64899710188917,-6.63390203284744,-6.6553891068806,-0.240708270208252,-3.26808348344474,0.0711614263067012
"RK258-tumor-XY","M",4.09176397759359,4.15052328598238,5.02777013390379,-6.89282274486309,3.60318792032552,-0.19959906133523,2.3741010162289,5.50828184738991,-4.96712711344646,-6.97244518718593,-5.97214858382381,-6.9369822664187,-6.95846934045185,-3.0721674761343,-4.10146993344133,-1.7248316655602
"RK259-tumor-XY","M",4.39665471571579,4.90311328557951,7.35565706034246,-6.42746033384747,5.96705932215072,0.658154732513183,3.76876836446297,4.22362251141388,-6.5376975269511,-6.50709720304859,-6.48671492444481,-6.47161985540308,-6.49310692943623,-1.26285066390132,-6.52861046215902,-0.140215210278425
"RK260-adjacent-XY","M",6.39633863044217,6.15929880038908,7.54687187719082,-5.1903920812593,6.17065813618535,3.27605840956323,4.13121993733053,4.32318724025211,-5.30062927436294,-5.27002895046042,-5.24964667185664,-5.23455160281491,-5.25603867684807,-3.48521402995045,-1.03540184718861,1.04556649010843
"RK260-tumor-XY","M",6.34592554297285,6.1082703586277,7.71818009436885,-6.36713603082422,6.05858743558559,0.899051281178254,4.50133214881608,4.9455305967612,-4.15544512904049,-6.44677290002534,-4.8414281207004,-6.41129555237983,-6.43278262641298,-1.49203297807305,-6.46828615913577,0.354901762247993
"RK262-tumor-XY","M",4.96189287431327,5.0600782253903,4.69269183508167,-4.96673468889364,3.2382638980557,-0.314079029809091,0.948437053324355,7.17911284811729,-5.07697188199727,-5.04637155809476,-5.02598927949098,-5.01089421044925,-5.0323812844824,-4.84651913830594,-5.06788481720519,-3.1681814298332
"RK263-adjacent-XY","M",6.62016539968514,6.26513105224992,7.11191021794743,-5.01717430702269,6.09340785536151,2.97461873698144,3.81332143425066,4.24486624749276,-5.12741150012633,-5.09681117622381,-5.07642889762003,-5.0613338285783,-5.08282090261145,-2.08960383437739,-5.11832443533424,-0.716120707433071
"RK263-tumor-XY","M",3.97274805778344,2.79324048935376,3.27545979506031,-5.56717211097109,2.30030576227997,-1.47090980041093,0.245887183451694,4.34694514012405,-5.67740930407472,-5.64680898017221,-5.62642670156843,-5.6113316325267,-5.63281870655985,-5.44695656038339,-5.66832223928264,-5.35358135263181
"RK264-tumor-XY","M",6.84393010834772,6.65849327885603,6.60151764963578,-5.93082938015946,5.72258499745587,3.83452641167445,4.14684084210135,3.7968747467048,-6.0410665732631,-6.01046624936058,-5.9900839707568,-5.97498890171507,-5.99647597574823,-0.453061824953678,-6.03197950847101,-5.71723862182018
"RK265-adjacent-XY","M",4.73561879821794,5.58078063411719,7.43196734668695,-6.07159277688585,4.50100523672882,1.8013928246946,5.16361084558657,3.1904477776296,-6.18182996998949,-6.15122964608697,-6.13084736748319,-6.11575229844146,-6.13723937247461,-5.95137722629815,-3.76833620348834,-1.77053917729623
"RK265-tumor-XY","M",6.01986277141286,5.63734750627518,6.65140255144519,-3.68926547763066,5.15359898632076,2.4994233724716,5.25813571687846,2.08981809251775,-3.90607996748171,-0.77161295395976,-6.7460502254248,-2.45021600527869,-3.6326700726431,-1.92272389446503,-2.44767063751363,-4.8879682897466
"RK266-tumor-XX","F",-3.30422811034875,-6.35708816370303,-6.54601228637886,-6.55259383735219,-4.7796335769605,-3.73643944598476,-2.97516828336325,-1.6828707056155,-6.66283103045583,-6.63223070655331,-6.61184842794953,-6.5967533589078,-6.61824043294095,-6.43237828676449,-6.65374396566374,-4.75404057829175
"RK268-adjacent-XY","M",5.78940669774948,6.63846235749155,6.91413542411709,-5.95837267187813,5.90778504533516,1.85132669735199,4.52369278971279,0.496312960579709,-6.06860986498177,-6.03800954107926,-6.01762726247548,-6.00253219343374,-6.0240192674669,-0.110236666727237,-3.04807224627634,1.0778419655515
"RK268-tumor-XY","M",5.87284862258676,6.1244660190609,8.19005435971632,-6.63685576168915,6.42737105749226,0.511495039555702,4.85204735157708,-1.76713262995246,-6.74709295479279,-5.21369461670804,-4.33450255074357,-6.68101528324476,-6.70250235727792,-0.408115754323285,-6.7380058900007,2.42275337867286
"RK270-adjacent-XY","M",6.33155103211298,6.72295241420121,6.95353107063967,-6.77190439524429,6.25835933442957,2.16955798714825,4.77090671583861,-0.317218762786449,-6.14517657125986,-6.85154126444541,-6.09419396875356,-6.8160639167999,-6.83755099083306,0.267174392618,-2.70002066035994,1.57641045359177
"RK270-tumor-XY","M",5.84524391752383,5.7780154129097,7.45731002202459,-2.13561703524156,6.10674516647105,-1.87893743156994,5.04714744638794,0.579887787285583,-2.71675118460133,-0.359009741343302,-7.15644485710605,-7.14134978806432,-7.16283686209747,-1.24905426135781,-7.19834039482026,1.97945655758994
"RK277-tumor-XY","M",4.20427656745764,4.07433342925135,5.34623664653298,-6.37501973174835,3.54788957068305,-2.11829274899494,2.43432541706135,0.0796659007094949,3.95830305044078,8.59530242425811,3.79050551452659,4.94530463283624,6.89013990201778,-3.08487917971834,-3.65081201744702,1.6133580861921
"RK284-tumor-XX","F",-5.08280440227206,-4.96573945418402,-5.15466357685986,-5.16124512783318,-4.97324736816265,-5.15244565852336,-4.81858942038289,4.66267431429038,-5.27148232093682,-5.24088199703431,-5.22049971843053,-5.20540464938879,-5.22689172342195,-5.04102957724549,-5.26239525614473,-4.94765436949391
"RK285-adjacent-XY","M",5.15907368293362,5.98718466357717,7.19795266238743,-5.55870775127974,4.79796212401617,1.47736172732764,4.86996454801811,0.895977881178101,-3.34701684949602,-2.46841961903855,-5.61796234187708,-5.60286727283535,-5.62435434686851,-2.63113727863444,-3.24067336828705,-0.701260803165738
"RK285-tumor-XY","M",6.29751205428665,5.94823507657354,7.2667783871679,0.34079258131952,5.61100124565037,2.19871568386637,4.79195379739063,0.0188930039499287,-1.30234840346156,-1.12617142543254,-6.49504721910526,-2.01456545870446,-6.50143922409668,-0.958025073302134,-6.53694275681946,-3.41484694811103
"RK289-tumor-XY","M",5.81993768141637,5.65820550005655,7.00933558093588,-3.78247759946148,4.99068248504648,-1.05419604192536,4.23922389473263,-1.80952967017862,4.64430189739716,7.78400817280136,4.92974469825051,4.69559516740128,5.01376914642608,-1.70105625620004,-6.78040293022686,-1.69071657289886
