"","DEGs.GENEID","DEGs.gene_name","DEGs.adj.P.Val","DEGs.logFC"
"1","ENSG00000160323.18","ADAMTS13",3.92330873121346e-99,-2.7875261371144
"2","ENSG00000143369.14","ECM1",4.21502849930304e-93,-3.24914414785825
"3","ENSG00000117650.12","NEK2",2.91924291411641e-85,3.31503517427571
"4","ENSG00000077152.10","UBE2T",3.4890668833072e-85,2.76343635235428
"5","ENSG00000182566.13","CLEC4G",5.53803859765169e-85,-7.08729181649674
"6","ENSG00000142748.12","FCN3",5.82542194916228e-85,-5.50162778688881
"7","ENSG00000130812.10","ANGPTL6",4.05084627921688e-83,-3.00293015901751
"8","ENSG00000145824.12","CXCL14",7.25375884195299e-83,-5.60116321142023
"9","ENSG00000100526.19","CDKN3",8.400586143283e-82,3.27820742319065
"10","ENSG00000160801.13","PTH1R",1.46082438043431e-81,-3.53350606403021
"11","ENSG00000114812.12","VIPR1",5.25305140226787e-81,-3.96738360857541
"12","ENSG00000263761.2","GDF2",1.49102758140051e-79,-7.35725938198281
"13","ENSG00000117724.12","CENPF",1.73519235107515e-79,3.32813127279097
"14","ENSG00000112984.11","KIF20A",2.4912426809079e-79,3.46423542522873
"15","ENSG00000135451.12","TROAP",1.02525319065528e-76,3.14833975432351
"16","ENSG00000198901.13","PRC1",1.48478088630222e-76,2.7876465319342
"17","ENSG00000123485.11","HJURP",2.08687126293715e-76,2.96214541172968
"18","ENSG00000104938.16","CLEC4M",2.9521956238186e-76,-7.3860660993344
"19","ENSG00000134690.10","CDCA8",3.31432117298742e-76,2.81248423489626
"20","ENSG00000043355.11","ZIC2",3.31432117298742e-76,5.88745788892056
"21","ENSG00000134057.14","CCNB1",3.31432117298742e-76,2.79100555011849
"22","ENSG00000160339.15","FCN2",3.99067978011737e-76,-6.57704196190245
"23","ENSG00000145287.10","PLAC8",1.66663742770264e-75,-3.26420651702695
"24","ENSG00000066279.17","ASPM",5.06855842262874e-75,3.16080900777881
"25","ENSG00000165682.14","CLEC1B",5.46468830176171e-75,-7.06103735953505
"26","ENSG00000146670.9","CDCA5",9.65459687421171e-75,2.93597186250965
"27","ENSG00000175063.16","UBE2C",7.94569282297945e-74,3.28574661902574
"28","ENSG00000161800.12","RACGAP1",1.02107151656739e-73,2.06112882765919
"29","ENSG00000126759.13","CFP",1.56974731873259e-73,-3.24670202669986
"30","ENSG00000164128.6","NPY1R",2.498430000147e-73,-3.64080866432844
"31","ENSG00000117399.13","CDC20",3.14660496919673e-73,3.45979674411866
"32","ENSG00000213398.7","LCAT",5.27285146848708e-73,-2.60112899745609
"33","ENSG00000197580.11","BCO2",6.524683020324e-73,-3.49154658053313
"34","ENSG00000113594.9","LIFR",8.39268535007229e-73,-3.18901957119632
"35","ENSG00000072571.19","HMMR",2.00373897674733e-72,2.65723067735869
"36","ENSG00000140835.9","CHST4",2.16670149011204e-72,-6.3531340529593
"37","ENSG00000146674.14","IGFBP3",2.49428834275063e-72,-2.94442240075704
"38","ENSG00000107562.16","CXCL12",9.47065752806617e-72,-3.22815068506176
"39","ENSG00000174371.16","EXO1",3.41805784517019e-71,3.12814269605926
"40","ENSG00000089685.14","BIRC5",9.6983575841834e-71,2.7795580190472
"41","ENSG00000170312.15","CDK1",1.27356437948516e-70,2.74634935386692
"42","ENSG00000237649.7","KIFC1",1.27356437948516e-70,2.8026114415521
"43","ENSG00000131747.14","TOP2A",2.8964421202144e-70,3.34388577564964
"44","ENSG00000157456.7","CCNB2",1.44317607136705e-69,2.98299031309816
"45","ENSG00000163687.13","DNASE1L3",1.50688952278334e-69,-3.33986922403439
"46","ENSG00000225792.1","AC004540.2",1.50688952278334e-69,-4.30696100313851
"47","ENSG00000109805.9","NCAPG",1.684857328444e-69,2.99394218584523
"48","ENSG00000111206.12","FOXM1",2.15697352654572e-69,2.89603033770144
"49","ENSG00000142945.12","KIF2C",5.6468474254077e-69,2.96860448566956
"50","ENSG00000156970.12","BUB1B",6.39795243399492e-69,3.04903269097658
"51","ENSG00000249173.5","LINC01093",1.6002686960637e-68,-5.04314839565963
"52","ENSG00000145708.10","CRHBP",9.25816971809515e-68,-5.1588320825764
"53","ENSG00000164611.12","PTTG1",1.18308927673799e-67,2.63252506860295
"54","ENSG00000106031.8","HOXA13",3.56193055245024e-67,6.54303548101504
"55","ENSG00000267444.1","SMUG1P1",4.95364353720935e-67,-4.92735533909841
"56","ENSG00000087586.17","AURKA",1.95485238392378e-66,2.44361238122501
"57","ENSG00000172425.10","TTC36",2.6002534870597e-66,-4.5576686239909
"58","ENSG00000111665.11","CDCA3",2.74427835052447e-66,2.12146287887747
"59","ENSG00000178999.12","AURKB",5.25282367426157e-66,2.57084639527031
"60","ENSG00000137804.12","NUSAP1",6.72785547665253e-66,2.13761365625162
"61","ENSG00000162595.6","DIRAS3",2.49676940662873e-65,-3.38851303175143
"62","ENSG00000165140.10","FBP1",1.17288777480077e-64,-2.73436943462821
"63","ENSG00000160932.10","LY6E",4.36286908268261e-64,-2.92420848284387
"64","ENSG00000120057.4","SFRP5",7.75663056627337e-64,-6.57894649196025
"65","ENSG00000019991.16","HGF",1.02691069714735e-63,-3.06080627504983
"66","ENSG00000101447.14","FAM83D",1.57053541497633e-63,2.50966383479481
"67","ENSG00000243766.8","HOTTIP",2.44703954560808e-63,5.37383540365711
"68","ENSG00000118526.6","TCF21",3.23384310159509e-63,-2.75878490961682
"69","ENSG00000158473.6","CD1D",4.70361607959545e-63,-2.19349532890274
"70","ENSG00000148773.13","MKI67",7.14698760454395e-63,2.80361629007629
"71","ENSG00000138315.12","OIT3",1.70011064104633e-62,-4.03938097789441
"72","ENSG00000173918.14","C1QTNF1",4.57915939936143e-62,-2.52816400668432
"73","ENSG00000198826.10","ARHGAP11A",6.49621909667317e-62,2.19374709698289
"74","ENSG00000112964.13","GHR",8.99768155030743e-62,-2.5442521558936
"75","ENSG00000165125.19","TRPV6",1.28200612187188e-61,-3.87733707512911
"76","ENSG00000115963.13","RND3",2.23498529991465e-61,-2.30097935810028
"77","ENSG00000146233.7","CYP39A1",5.17394059514889e-61,-3.36236894404084
"78","ENSG00000176595.3","KBTBD11",9.27622631581641e-61,-3.59126827310421
"79","ENSG00000233392.5","AC104809.2",9.73947544311535e-61,-3.86294923805765
"80","ENSG00000116774.11","OLFML3",1.43245841625637e-60,-2.58146746760158
"81","ENSG00000109576.13","AADAT",2.36833173756163e-60,-2.36823122094852
"82","ENSG00000130707.17","ASS1",2.57765199822584e-60,-2.30430323777705
"83","ENSG00000168389.17","MFSD2A",3.28495869953048e-60,-4.12373024346468
"84","ENSG00000008300.16","CELSR3",7.73084201313591e-60,2.7055162959713
"85","ENSG00000197408.9","CYP2B6",9.87414574848623e-60,-3.97535459811522
"86","ENSG00000102384.13","CENPI",3.54786489279662e-59,2.18281868171149
"87","ENSG00000074276.10","CDHR2",4.43416999358466e-59,-5.11504194813697
"88","ENSG00000125968.8","ID1",4.44078432502401e-59,-2.80844224456836
"89","ENSG00000062524.15","LTK",2.56615455973653e-58,-2.77244866591357
"90","ENSG00000099769.5","IGFALS",3.74969438350097e-58,-4.15180622353385
"91","ENSG00000129214.14","SHBG",6.33041500405294e-58,-3.04665334579556
"92","ENSG00000171848.14","RRM2",1.47234547204447e-57,2.44538788556995
"93","ENSG00000175336.9","APOF",2.89328508501858e-57,-3.65124295426459
"94","ENSG00000154920.14","EME1",4.2254607918163e-57,2.49568872105739
"95","ENSG00000145386.9","CCNA2",4.77077200066396e-57,2.13873717042717
"96","ENSG00000005187.11","ACSM3",1.78447423622051e-56,-2.20467920873277
"97","ENSG00000140505.6","CYP1A2",1.83343131541371e-56,-5.54391671300748
"98","ENSG00000120907.17","ADRA1A",3.80440201228551e-56,-3.34869060033198
"99","ENSG00000132698.14","RAB25",4.45823971664282e-56,-5.92996179121897
"100","ENSG00000105609.16","LILRB5",5.39279911157325e-56,-2.01390660344343
"101","ENSG00000116882.14","HAO2",7.56484933556872e-56,-3.68210036491381
"102","ENSG00000184292.6","TACSTD2",8.51644895494845e-56,-4.69485435878957
"103","ENSG00000253813.1","COX6B1P4",8.56288421565793e-56,-3.19104759364694
"104","ENSG00000142627.12","EPHA2",1.54095901838116e-55,-2.12595182181189
"105","ENSG00000223764.2","LINC02593",2.57484725688976e-55,-3.6072204968348
"106","ENSG00000248884.1","AC010280.2",2.80763467780624e-55,-3.6292934808205
"107","ENSG00000166856.2","GPR182",2.80918017342955e-55,-3.88525989110538
"108","ENSG00000163631.16","ALB",4.66163813698633e-55,-2.20523814039293
"109","ENSG00000170509.11","HSD17B13",5.60792775903671e-55,-4.60555603646891
"110","ENSG00000167513.8","CDT1",6.52428478704323e-55,2.30190273759745
"111","ENSG00000259881.1","AC092384.2",1.4948183937718e-54,-4.01292352338286
"112","ENSG00000164283.12","ESM1",1.4948183937718e-54,3.49543667004329
"113","ENSG00000187634.11","SAMD11",1.86007084059417e-54,-3.82712204114906
"114","ENSG00000156006.4","NAT2",1.97239003853868e-54,-3.97040052704107
"115","ENSG00000240935.6","PLGLA",2.07524983800289e-54,-3.23943445664938
"116","ENSG00000005001.9","PRSS22",2.71753598791213e-54,-4.82771625243807
"117","ENSG00000019169.10","MARCO",3.63827637284811e-54,-6.02051161850911
"118","ENSG00000101412.12","E2F1",7.86024607021312e-54,2.64869436131477
"119","ENSG00000183856.10","IQGAP3",9.97867599099171e-54,2.60180127616908
"120","ENSG00000130300.8","PLVAP",1.80533354364274e-53,2.21526278773994
"121","ENSG00000001626.15","CFTR",1.88768979902159e-53,-5.4143266971055
"122","ENSG00000171345.13","KRT19",3.17103450330277e-53,-5.38315517333067
"123","ENSG00000205312.8","KRT17P4",9.72936901358515e-53,-3.47613366221593
"124","ENSG00000138115.13","CYP2C8",1.56016906686769e-52,-3.48421603422134
"125","ENSG00000166391.14","MOGAT2",2.46759078744884e-52,-3.45795124219489
"126","ENSG00000064300.8","NGFR",2.71394257467639e-52,-2.61990612161661
"127","ENSG00000155666.11","KDM8",2.71536582728105e-52,-2.74352844273633
"128","ENSG00000139289.13","PHLDA1",4.78687257136106e-52,-2.10388697301676
"129","ENSG00000122952.16","ZWINT",6.05136128804709e-52,2.02483597705343
"130","ENSG00000116194.12","ANGPTL1",6.55993979653497e-52,-2.7401319819988
"131","ENSG00000276409.4","CCL14",1.03625574541552e-51,-2.60282893857366
"132","ENSG00000140107.10","SLC25A47",1.37276618526144e-51,-4.21828652923194
"133","ENSG00000127954.12","STEAP4",1.5515623155555e-51,-2.52842355077202
"134","ENSG00000214264.4","KCTD9P4",1.86826924955113e-51,-3.70377202266361
"135","ENSG00000105825.12","TFPI2",2.43604284974954e-51,-3.38185938843649
"136","ENSG00000110492.15","MDK",2.52925410607339e-51,2.99905645196003
"137","ENSG00000109956.12","B3GAT1",3.09236128734705e-51,-3.67954693124451
"138","ENSG00000180543.4","TSPYL5",3.12488451371994e-51,-2.06449914439337
"139","ENSG00000171658.8","NMRAL2P",3.93882024554249e-51,5.14221979286125
"140","ENSG00000105011.8","ASF1B",5.42428896994122e-51,2.12335438745216
"141","ENSG00000175664.9","TEX26",7.83288846341962e-51,-3.49574035198493
"142","ENSG00000244306.11","DUXAP10",9.18016843215518e-51,2.8925394842446
"143","ENSG00000087237.11","CETP",9.69360614538692e-51,-3.06070968763074
"144","ENSG00000189366.9","ALG1L",1.42899001027862e-50,3.27026169409398
"145","ENSG00000184956.15","MUC6",1.95398862402528e-50,-6.86818033578006
"146","ENSG00000197859.9","ADAMTSL2",2.37986682616842e-50,-2.99767184886799
"147","ENSG00000164107.8","HAND2",5.10938642352984e-50,-3.84670449179316
"148","ENSG00000249948.6","GBA3",7.88808600410141e-50,-3.17084798388692
"149","ENSG00000072694.20","FCGR2B",1.13256067466848e-49,-2.77886169041163
"150","ENSG00000180745.4","CLRN3",1.15166004484657e-49,-4.34919052697774
"151","ENSG00000157131.10","C8A",1.54154133273436e-49,-2.01334973011211
"152","ENSG00000253764.2","AC019257.1",3.3052365423797e-49,-3.00649075314782
"153","ENSG00000117009.11","KMO",1.2640875160933e-48,-2.07712915790948
"154","ENSG00000123454.11","DBH",1.75315237956393e-48,-3.81308519566951
"155","ENSG00000198417.6","MT1F",1.83811891552582e-48,-3.93449566155504
"156","ENSG00000176907.4","TCIM",4.7738984310565e-48,-2.05718940778179
"157","ENSG00000143196.4","DPT",8.22915148345395e-48,-5.21821225131407
"158","ENSG00000099998.17","GGT5",1.04579594663737e-47,-2.00920653613105
"159","ENSG00000130829.17","DUSP9",1.22087405767871e-47,3.48103381222744
"160","ENSG00000118004.17","COLEC11",1.41948984998627e-47,-2.14557847716336
"161","ENSG00000230630.5","DNM3OS",1.84310137613344e-47,-2.63235586365709
"162","ENSG00000159650.8","UROC1",1.96012796922023e-47,-3.48910043224867
"163","ENSG00000186910.3","SERPINA11",1.98644103807409e-47,-2.5503031798716
"164","ENSG00000277893.1","SRD5A2",2.78433543186914e-47,-3.35927275617841
"165","ENSG00000125148.6","MT2A",4.03711952995752e-47,-2.83831487084236
"166","ENSG00000100162.14","CENPM",5.90075580930818e-47,2.22147987305779
"167","ENSG00000197261.11","C6orf141",6.30865409861146e-47,-3.21999669037204
"168","ENSG00000139547.7","RDH16",7.50034964355301e-47,-2.60901653739065
"169","ENSG00000166840.13","GLYATL1",8.12639223655098e-47,-2.31588949516976
"170","ENSG00000171388.11","APLN",8.56319818484945e-47,2.71559318606002
"171","ENSG00000241644.2","INMT",8.78842635281359e-47,-2.70912762393765
"172","ENSG00000162069.15","BICDL2",1.71528301011425e-46,-4.02613540484453
"173","ENSG00000126231.13","PROZ",1.96913536043631e-46,-2.36327815856918
"174","ENSG00000145777.14","TSLP",3.54242649737429e-46,-2.92271547523844
"175","ENSG00000119943.12","PYROXD2",4.57830179415144e-46,-2.08978959979915
"176","ENSG00000187048.12","CYP4A11",4.88938542329426e-46,-2.31414243650421
"177","ENSG00000255231.1","MRPS36P4",7.06603159604263e-46,-3.09778986979786
"178","ENSG00000138109.10","CYP2C9",7.08744166768352e-46,-2.56726936085597
"179","ENSG00000125780.11","TGM3",8.31384755812774e-46,4.49572187964926
"180","ENSG00000112936.18","C7",8.96229473887648e-46,-3.88415096954968
"181","ENSG00000111700.12","SLCO1B3",1.35044191798587e-45,-4.52983863523718
"182","ENSG00000162460.6","TMEM82",1.99144617010539e-45,-2.7048974135103
"183","ENSG00000162482.4","AKR7A3",2.69675365021642e-45,-2.44306728508166
"184","ENSG00000052344.15","PRSS8",3.37162622083484e-45,-3.42060905077187
"185","ENSG00000231131.7","LNCAROD",4.1417750642882e-45,3.98824446381739
"186","ENSG00000269066.1","AC020908.3",4.81430890511809e-45,-2.53561302648741
"187","ENSG00000094804.10","CDC6",4.83706349715038e-45,2.1264976094216
"188","ENSG00000198077.10","CYP2A7",8.13847407295862e-45,-4.61992295482422
"189","ENSG00000011465.16","DCN",9.71111364081282e-45,-3.74938859969198
"190","ENSG00000262061.5","AC129507.1",1.01465822161968e-44,-2.14982681306507
"191","ENSG00000079557.4","AFM",1.26671724187041e-44,-2.38411258435362
"192","ENSG00000114115.9","RBP1",2.26294935422747e-44,-2.38198746037729
"193","ENSG00000274173.1","AL035661.1",2.62809949831545e-44,-3.13350908699763
"194","ENSG00000166183.15","ASPG",3.88314227681454e-44,-3.74616230588972
"195","ENSG00000073754.5","CD5L",6.23458043351042e-44,-4.0122279636762
"196","ENSG00000151790.8","TDO2",6.93781711277428e-44,-2.57799883395107
"197","ENSG00000167588.12","GPD1",8.51128184887918e-44,-2.14053638176955
"198","ENSG00000183729.3","NPBWR1",1.02116066709502e-43,-4.16083182736102
"199","ENSG00000125144.13","MT1G",1.05203004787443e-43,-4.39873718254316
"200","ENSG00000225210.10","DUXAP9",1.13962120783772e-43,2.44985233398312
"201","ENSG00000278518.1","AL161645.1",1.365170116934e-43,-2.98945840673806
"202","ENSG00000171234.13","UGT2B7",1.8806030580697e-43,-2.48638032268118
"203","ENSG00000166415.14","WDR72",4.03920106566119e-43,-2.39424012601055
"204","ENSG00000204291.10","COL15A1",5.19556065642914e-43,2.82574629388007
"205","ENSG00000162365.11","CYP4A22",5.64937354899262e-43,-2.42694702086073
"206","ENSG00000133169.5","BEX1",5.8090428434557e-43,-3.63042380249696
"207","ENSG00000196990.8","FAM163B",6.12411523202443e-43,-3.83184873392396
"208","ENSG00000278828.1","HIST1H3H",7.46909607705535e-43,2.41125672013871
"209","ENSG00000255081.1","AP003168.2",7.91744889880226e-43,-2.64396919056871
"210","ENSG00000151365.2","THRSP",8.42732306081718e-43,-4.25347998138192
"211","ENSG00000122787.14","AKR1D1",8.95232829263073e-43,-2.77607458140422
"212","ENSG00000126861.4","OMG",9.25139949738615e-43,-2.27648742189752
"213","ENSG00000179636.14","TPPP2",9.29004067320213e-43,-2.50699411568627
"214","ENSG00000231437.3","LINC01750",9.58024654833545e-43,-2.79571339466558
"215","ENSG00000280587.1","LINC01348",1.03713128898369e-42,-2.41732890974287
"216","ENSG00000161031.12","PGLYRP2",1.93884973912584e-42,-2.6278954050705
"217","ENSG00000135423.12","GLS2",2.18120420024478e-42,-3.64903116156652
"218","ENSG00000168874.12","ATOH8",2.40495127837027e-42,-2.84063825654594
"219","ENSG00000169715.14","MT1E",2.56851626401503e-42,-3.37402368187136
"220","ENSG00000112183.14","RBM24",2.93970792993858e-42,2.39191623584768
"221","ENSG00000274286.1","ADRA2B",6.73593147995004e-42,-2.14535646021186
"222","ENSG00000269887.1","AL391001.1",7.54887256206144e-42,-2.38868471767046
"223","ENSG00000101405.3","OXT",1.346108206474e-41,-3.5611097743292
"224","ENSG00000072080.10","SPP2",3.35015785319359e-41,-2.66267375758741
"225","ENSG00000228477.1","AL663070.1",4.18320087242219e-41,-3.72973460173473
"226","ENSG00000166482.11","MFAP4",4.96247359457508e-41,-3.71930224101495
"227","ENSG00000205866.3","FAM99A",5.7720839772315e-41,-3.52380052586181
"228","ENSG00000235529.1","AGAP1-IT1",8.3607416058918e-41,-2.76164868464784
"229","ENSG00000125551.18","PLGLB2",1.00945947200707e-40,-2.29909011857278
"230","ENSG00000158125.9","XDH",1.95202860397418e-40,-2.01242550027503
"231","ENSG00000198670.11","LPA",2.87370071912446e-40,-2.68055341974071
"232","ENSG00000174992.7","ZG16",4.1481953752248e-40,-2.47801564442045
"233","ENSG00000133800.8","LYVE1",5.04707002266229e-40,-3.43496642165827
"234","ENSG00000189369.8","GSPT2",6.40112271262674e-40,-2.0694106138347
"235","ENSG00000187193.8","MT1X",7.62145311677334e-40,-3.01273854261844
"236","ENSG00000235510.1","BX842568.4",7.86678516677893e-40,-2.27970269941274
"237","ENSG00000130558.19","OLFM1",9.94222215027207e-40,-2.12560446389951
"238","ENSG00000169894.17","MUC3A",1.65891642716653e-39,-3.67282981888348
"239","ENSG00000223956.2","LINC01767",2.80153626453448e-39,-2.33992946195163
"240","ENSG00000136872.18","ALDOB",4.9062942943318e-39,-2.22846917327081
"241","ENSG00000179178.10","TMEM125",5.73085960433617e-39,-3.71501805011064
"242","ENSG00000120738.7","EGR1",6.32890929880782e-39,-2.21189677557326
"243","ENSG00000147257.13","GPC3",7.37886050876711e-39,3.9317722465566
"244","ENSG00000110243.11","APOA5",7.87904428287669e-39,-2.35679590082993
"245","ENSG00000149124.10","GLYAT",9.16043516976611e-39,-2.64540244210538
"246","ENSG00000198099.8","ADH4",9.16043516976611e-39,-3.3186895473425
"247","ENSG00000198681.6","MAGEA1",1.02602949104254e-38,5.25258441082183
"248","ENSG00000147889.17","CDKN2A",1.45981255269219e-38,2.13545778318625
"249","ENSG00000175003.13","SLC22A1",2.28113876953603e-38,-3.50614793454686
"250","ENSG00000101981.11","F9",2.52278599582005e-38,-2.40369735340489
"251","ENSG00000162745.10","OLFML2B",3.50090125757574e-38,2.20410513843159
"252","ENSG00000214161.3","SDC4P",3.61933958498601e-38,-2.73191929352674
"253","ENSG00000158825.5","CDA",6.38075683332208e-38,-2.1023004052228
"254","ENSG00000170345.9","FOS",7.6316977204805e-38,-2.40944243609579
"255","ENSG00000258604.1","AL161668.4",8.45987282520888e-38,-2.21192770327495
"256","ENSG00000176933.5","TOB2P1",9.44196488195804e-38,2.29963175314884
"257","ENSG00000204583.9","LRCOL1",1.15827960750203e-37,-2.91016828957829
"258","ENSG00000107807.12","TLX1",1.50664053510589e-37,2.7950890244231
"259","ENSG00000224189.7","HAGLR",2.05940831058452e-37,3.35247028723256
"260","ENSG00000243930.1","RPS12P21",2.27489889026459e-37,-3.02879595663552
"261","ENSG00000145920.14","CPLX2",2.62383938346925e-37,5.66079226735611
"262","ENSG00000154153.13","RETREG1",3.13722526243616e-37,-2.84149430817025
"263","ENSG00000132465.10","JCHAIN",3.70581045450316e-37,-3.49355438506787
"264","ENSG00000134853.11","PDGFRA",6.13160608840831e-37,-2.79692070182125
"265","ENSG00000260518.2","BMS1P8",6.84205129011039e-37,2.92746801188906
"266","ENSG00000109758.8","HGFAC",9.5690204606784e-37,-3.54639532605228
"267","ENSG00000148965.9","SAA4",1.05354444304203e-36,-2.32155196713194
"268","ENSG00000113600.10","C9",1.18768798790916e-36,-3.95750243633085
"269","ENSG00000280650.1","KCNIP4-IT1",1.71539114005848e-36,-3.1844138898725
"270","ENSG00000124253.10","PCK1",1.81706093896248e-36,-2.85133019636095
"271","ENSG00000039537.13","C6",1.85503357405961e-36,-2.12675518048136
"272","ENSG00000188536.13","HBA2",3.17386090569109e-36,-2.25310236830281
"273","ENSG00000230356.1","NCAPD2P1",3.22413215668767e-36,3.05620784375034
"274","ENSG00000211895.5","IGHA1",3.66784295414535e-36,-3.53192357944167
"275","ENSG00000160868.14","CYP3A4",3.74298049757285e-36,-4.26522379915294
"276","ENSG00000272872.1","AP000525.1",5.03270602609295e-36,2.96190671430397
"277","ENSG00000111713.2","GYS2",5.09559707416688e-36,-2.6375620270306
"278","ENSG00000135144.7","DTX1",6.08377202249761e-36,-2.56539081968053
"279","ENSG00000229754.1","CXCR2P1",7.41317954691645e-36,-2.22045301992483
"280","ENSG00000164266.10","SPINK1",8.14524560277943e-36,5.64965846532982
"281","ENSG00000069011.15","PITX1",1.21675018535776e-35,3.74121691452521
"282","ENSG00000259359.1","AC012409.1",1.67724732051829e-35,-2.07500101917668
"283","ENSG00000109181.11","UGT2B10",2.16427167196794e-35,-2.11397661822767
"284","ENSG00000106236.3","NPTX2",2.21248026543838e-35,-3.36791712216938
"285","ENSG00000230316.6","FEZF1-AS1",2.25143640304061e-35,3.32803663416374
"286","ENSG00000269353.1","AC092071.1",3.71744636598262e-35,-3.63602441781805
"287","ENSG00000196747.4","HIST1H2AI",4.18874644226878e-35,2.28087488236959
"288","ENSG00000154096.13","THY1",5.56542421787172e-35,2.1762673104041
"289","ENSG00000242600.8","MBL1P",9.87387367062798e-35,-2.39217278820533
"290","ENSG00000255986.6","MT1JP",1.01599993362365e-34,-3.3899486980891
"291","ENSG00000258498.8","DIO3OS",1.08639933970047e-34,-2.46462176146927
"292","ENSG00000272141.1","AL390719.2",1.35510440436242e-34,-3.058110882573
"293","ENSG00000182379.9","NXPH4",1.49198646681286e-34,2.65945700967513
"294","ENSG00000017427.16","IGF1",2.05201487156842e-34,-2.3306288039307
"295","ENSG00000124875.9","CXCL6",4.70132097566088e-34,-3.846697085304
"296","ENSG00000117525.13","F3",6.04309278592764e-34,-2.02835410056071
"297","ENSG00000257017.8","HP",6.57110772159539e-34,-2.34734841048734
"298","ENSG00000095932.6","SMIM24",7.81203341857124e-34,-5.01811172115293
"299","ENSG00000223991.1","AC104809.1",7.81203341857124e-34,-4.15399780363675
"300","ENSG00000215644.9","GCGR",8.19258360277989e-34,-3.50739474546801
"301","ENSG00000266964.5","FXYD1",8.34589306202195e-34,-2.32344676517731
"302","ENSG00000187758.7","ADH1A",9.2594902197038e-34,-2.16433338710164
"303","ENSG00000253293.4","HOXA10",1.04247393176149e-33,3.54916616873013
"304","ENSG00000279428.1","AC087164.2",1.28096209662659e-33,-2.8552348653905
"305","ENSG00000237949.1","LINC00844",2.80324936561546e-33,-3.35239057749074
"306","ENSG00000205364.3","MT1M",3.12948621783508e-33,-3.84914646672802
"307","ENSG00000081041.8","CXCL2",3.7323628219962e-33,-2.3956457895319
"308","ENSG00000211890.4","IGHA2",4.3108735122971e-33,-3.24352580855744
"309","ENSG00000118094.11","TREH",4.86053311710761e-33,-2.93115889854392
"310","ENSG00000243431.1","RPL5P30",6.11066618187127e-33,-2.14618722081311
"311","ENSG00000112299.7","VNN1",7.43714628701598e-33,-2.74098783938641
"312","ENSG00000224566.2","FAM96AP2",7.74611044555066e-33,2.69891620543466
"313","ENSG00000284491.2","THSD8",9.052804174737e-33,2.20679154932664
"314","ENSG00000148671.13","ADIRF",1.13141290018221e-32,-2.09362582524948
"315","ENSG00000105697.8","HAMP",1.53572556042442e-32,-4.95385875692559
"316","ENSG00000225698.3","IGHV3-72",2.11580742926582e-32,-3.2326910559844
"317","ENSG00000225532.1","AL731684.1",2.15926941068964e-32,3.05640463900747
"318","ENSG00000266976.1","AC079466.1",3.05504607880757e-32,2.83177944981486
"319","ENSG00000242262.1","AC092597.1",3.20492838022795e-32,-2.14936432934454
"320","ENSG00000211904.2","IGHJ2",3.8947274748145e-32,-3.10027264495355
"321","ENSG00000180447.6","GAS1",4.08522618808015e-32,-2.3279610240356
"322","ENSG00000113739.10","STC2",4.44393407297894e-32,2.24831661809632
"323","ENSG00000196616.13","ADH1B",8.40527851302826e-32,-2.29460093339451
"324","ENSG00000021461.16","CYP3A43",1.36448678421514e-31,-2.37446100768385
"325","ENSG00000154928.17","EPHB1",1.61441319185417e-31,-2.01776349108592
"326","ENSG00000107159.12","CA9",2.22562487131917e-31,-3.14321130035788
"327","ENSG00000125538.11","IL1B",2.22916588879899e-31,-2.24680010208994
"328","ENSG00000198074.9","AKR1B10",2.44145818296073e-31,4.23619402495289
"329","ENSG00000135454.13","B4GALNT1",3.45926408205717e-31,2.19661552658181
"330","ENSG00000135480.15","KRT7",3.65762319555272e-31,-3.39566596806921
"331","ENSG00000213412.3","HNRNPA1P33",5.10354687129182e-31,-2.7170062515987
"332","ENSG00000106038.12","EVX1",5.37894996845465e-31,2.25169874592997
"333","ENSG00000150656.14","CNDP1",5.48038032525987e-31,-4.31147793650727
"334","ENSG00000206172.8","HBA1",6.29712149392377e-31,-2.23491715333594
"335","ENSG00000256612.7","CYP2B7P",7.63831608039441e-31,-3.22819336218658
"336","ENSG00000145692.14","BHMT",7.70114571936022e-31,-2.16820092086371
"337","ENSG00000124657.1","OR2B6",8.16683543818608e-31,2.03843669378526
"338","ENSG00000211937.3","IGHV2-5",1.21913432253406e-30,-3.84182053725525
"339","ENSG00000015520.14","NPC1L1",1.23826951360998e-30,-2.99126734564047
"340","ENSG00000235200.2","LINC01702",1.47796565631934e-30,-2.32531529845135
"341","ENSG00000159217.9","IGF2BP1",1.49164486184091e-30,4.04217037482907
"342","ENSG00000275223.1","AL121906.2",1.56273512223525e-30,2.01262742827705
"343","ENSG00000255974.7","CYP2A6",1.68946710750816e-30,-3.4737403931401
"344","ENSG00000244734.4","HBB",1.94607569525899e-30,-2.28424891806064
"345","ENSG00000260549.1","MT1L",2.01392441255725e-30,-2.33232481061286
"346","ENSG00000124713.5","GNMT",2.140010111242e-30,-2.17730445238762
"347","ENSG00000211899.10","IGHM",3.02233582144426e-30,-3.12645330754587
"348","ENSG00000130427.2","EPO",3.44735190475816e-30,-3.29998830932396
"349","ENSG00000278196.3","IGLV2-8",3.67643180326766e-30,-3.64712924893537
"350","ENSG00000211966.2","IGHV5-51",3.6864137105693e-30,-3.83687674825882
"351","ENSG00000165478.6","HEPACAM",4.28375459212603e-30,-3.25633832371129
"352","ENSG00000115361.7","ACADL",4.87543349433472e-30,-2.05407971574873
"353","ENSG00000130649.9","CYP2E1",5.6808183300429e-30,-3.43614841846583
"354","ENSG00000211664.3","IGLV2-18",6.33996013325884e-30,-3.3915351709441
"355","ENSG00000283486.2","FAM95C",7.65233607878737e-30,-2.27438162069441
"356","ENSG00000211976.2","IGHV3-73",9.7934315150924e-30,-3.31094499893631
"357","ENSG00000125775.14","SDCBP2",9.80028817270766e-30,-2.11842044510055
"358","ENSG00000100652.4","SLC10A1",1.70491749150753e-29,-2.50292520290917
"359","ENSG00000243238.1","IGKV2-30",3.45604972150459e-29,-3.61895166573674
"360","ENSG00000248709.2","AC008549.1",3.6524719442787e-29,-2.26338359366005
"361","ENSG00000253417.5","LINC02159",4.52452340185737e-29,2.8860719999669
"362","ENSG00000211655.3","IGLV1-36",4.55421060122798e-29,-3.32444168995903
"363","ENSG00000241244.1","IGKV1D-16",5.20681780342593e-29,-3.243875261911
"364","ENSG00000271681.1","AC136601.2",1.0800849537272e-28,-2.28566504753061
"365","ENSG00000143512.12","HHIPL2",1.21598407096777e-28,2.53816376955707
"366","ENSG00000198758.10","EPS8L3",1.41999478335714e-28,3.40893210171925
"367","ENSG00000211596.3","IGKJ2",1.73133059026235e-28,-3.13517928828442
"368","ENSG00000241294.1","IGKV2-24",2.5079407476801e-28,-3.41159019401416
"369","ENSG00000175793.11","SFN",2.72697492539224e-28,3.01023251969481
"370","ENSG00000179455.8","MKRN3",2.84326353382501e-28,2.21710137997985
"371","ENSG00000243264.2","IGKV2D-29",2.99333071782793e-28,-3.68463013254646
"372","ENSG00000211943.2","IGHV3-15",3.77095700213886e-28,-3.60240759459902
"373","ENSG00000138135.6","CH25H",4.72324994846128e-28,-2.59084597201601
"374","ENSG00000240801.1","AC132217.1",5.01892960537918e-28,-3.43923799344718
"375","ENSG00000019102.11","VSIG2",5.35936863407993e-28,-2.02123976413841
"376","ENSG00000237337.1","AL592182.2",6.83732505793811e-28,-2.7391256614256
"377","ENSG00000211669.3","IGLV3-10",7.10631911758432e-28,-3.49698133616505
"378","ENSG00000172935.8","MRGPRF",7.8051141740773e-28,-2.03737499783607
"379","ENSG00000253132.1","IGHV3-62",8.57313605871328e-28,-2.77683860177863
"380","ENSG00000239855.1","IGKV1-6",1.06859027062032e-27,-3.62919813996761
"381","ENSG00000211941.3","IGHV3-11",1.13756040746456e-27,-3.79905284705281
"382","ENSG00000211625.2","IGKV3D-20",1.56723022011671e-27,-3.53790154640907
"383","ENSG00000167642.12","SPINT2",1.78240937151984e-27,-2.13751344732531
"384","ENSG00000259108.2","LINC01595",1.88022076972237e-27,-2.15335953551641
"385","ENSG00000126752.7","SSX1",2.10905220660394e-27,4.1328392465668
"386","ENSG00000211658.2","IGLV3-27",2.20089801522707e-27,-3.22318497341482
"387","ENSG00000125740.13","FOSB",3.01814406980647e-27,-2.81439650999314
"388","ENSG00000177138.15","FAM9B",3.85285409604596e-27,-2.44762315879886
"389","ENSG00000240864.3","IGKV1-16",4.0017982585861e-27,-3.63911111462746
"390","ENSG00000211650.2","IGLV5-45",5.33781531599418e-27,-3.06272137878724
"391","ENSG00000066468.22","FGFR2",5.54681205372918e-27,-2.71854092873084
"392","ENSG00000046774.9","MAGEC2",6.87847704355224e-27,3.95590383755512
"393","ENSG00000180432.5","CYP8B1",7.24247845883805e-27,-2.7949245650224
"394","ENSG00000205865.4","FAM99B",8.28032121992139e-27,-3.07162475891599
"395","ENSG00000068366.19","ACSL4",1.02216294006511e-26,2.25445623295202
"396","ENSG00000211640.4","IGLV6-57",1.25517705551353e-26,-3.39183706280282
"397","ENSG00000095596.11","CYP26A1",1.45194047183428e-26,-4.07872040116496
"398","ENSG00000073756.11","PTGS2",1.49767014028318e-26,-2.54778244528423
"399","ENSG00000179772.7","FOXS1",1.70804481990658e-26,2.16527562430814
"400","ENSG00000211632.4","IGKV3D-11",1.81309848431279e-26,-2.98014290241842
"401","ENSG00000211938.2","IGHV3-7",1.89095067746661e-26,-3.63396779637817
"402","ENSG00000248144.5","ADH1C",1.97226771216988e-26,-2.39354650048276
"403","ENSG00000211673.2","IGLV3-1",1.99074664483604e-26,-3.60778582390855
"404","ENSG00000211950.2","IGHV1-24",2.06686398434419e-26,-3.6975912275298
"405","ENSG00000099953.9","MMP11",2.38369798036925e-26,2.24539730978259
"406","ENSG00000198300.13","PEG3",2.44704135662156e-26,-2.19950926662208
"407","ENSG00000203811.1","HIST2H3C",2.81186374393905e-26,2.03339848573723
"408","ENSG00000211637.2","IGLV4-69",2.98982596275958e-26,-3.22394071712459
"409","ENSG00000243290.3","IGKV1-12",3.08840237763643e-26,-4.00071843161219
"410","ENSG00000115602.16","IL1RL1",3.52410216065487e-26,-2.78560568335484
"411","ENSG00000211644.3","IGLV1-51",4.28798186131235e-26,-2.76663023895406
"412","ENSG00000211952.3","IGHV4-28",4.37843990671752e-26,-3.24157308236503
"413","ENSG00000211663.2","IGLV3-19",4.39717971436651e-26,-3.70594877881025
"414","ENSG00000211892.4","IGHG4",4.59175009322538e-26,-3.63377803260304
"415","ENSG00000211648.2","IGLV1-47",5.47408778424985e-26,-3.64532554074113
"416","ENSG00000277559.1","AC018553.1",5.55086326082225e-26,2.58441641221458
"417","ENSG00000211942.3","IGHV3-13",6.29944092294735e-26,-3.15180849917125
"418","ENSG00000116785.13","CFHR3",6.42846061164941e-26,-2.19382186028233
"419","ENSG00000084110.10","HAL",6.42846061164941e-26,-2.41447223329926
"420","ENSG00000182798.10","MAGEB17",7.26400220927069e-26,2.65404834024944
"421","ENSG00000114200.9","BCHE",7.49474009602761e-26,-2.05200810771508
"422","ENSG00000254338.1","MAFA-AS1",8.66844048363378e-26,2.62017199893514
"423","ENSG00000211965.4","IGHV3-49",8.81296147613638e-26,-3.61024596992817
"424","ENSG00000227300.12","KRT16P2",9.12011017981192e-26,-3.48319713464236
"425","ENSG00000211653.2","IGLV1-40",9.20686304910154e-26,-3.58435514099842
"426","ENSG00000174348.13","PODN",9.21962295241519e-26,-2.201525550362
"427","ENSG00000211972.2","IGHV3-66",9.63046607397237e-26,-3.43667263469602
"428","ENSG00000143195.12","ILDR2",1.03913271365139e-25,2.23382723787851
"429","ENSG00000211968.3","IGHV1-58",1.09507868928231e-25,-3.08920322870327
"430","ENSG00000244575.3","IGKV1-27",1.22677080771455e-25,-3.51127095038975
"431","ENSG00000242472.1","IGHJ5",1.26364286571511e-25,-3.43775833557774
"432","ENSG00000167798.17","C3P1",1.28337201508678e-25,-2.19560858661017
"433","ENSG00000274576.2","IGHV2-70",1.48111804635168e-25,-3.41644759661459
"434","ENSG00000243063.1","IGKV3-7",1.62522029904454e-25,-2.8497243987664
"435","ENSG00000276966.2","HIST1H4E",1.7394629528637e-25,2.05482958588875
"436","ENSG00000224650.2","IGHV3-74",2.07279321480322e-25,-3.22115235614755
"437","ENSG00000211597.2","IGKJ1",2.90220704236851e-25,-3.06935501360844
"438","ENSG00000211670.2","IGLV3-9",3.23169949286679e-25,-3.08592733402515
"439","ENSG00000211893.4","IGHG2",3.40521630598283e-25,-3.00430314527032
"440","ENSG00000211951.2","IGHV2-26",3.50166229466797e-25,-3.30002326212547
"441","ENSG00000211593.2","IGKJ5",4.14261079264939e-25,-2.89479994469921
"442","ENSG00000244116.3","IGKV2-28",4.8320826628536e-25,-4.02728841514625
"443","ENSG00000211946.3","IGHV3-20",4.94314581736534e-25,-3.34832137676788
"444","ENSG00000211651.3","IGLV1-44",6.07293884103081e-25,-3.65841684607384
"445","ENSG00000211595.2","IGKJ3",6.43685511849696e-25,-2.67473051347337
"446","ENSG00000166741.7","NNMT",7.88192056924465e-25,-2.21452429976699
"447","ENSG00000211668.2","IGLV2-11",8.27820725842352e-25,-3.65751217041563
"448","ENSG00000137077.7","CCL21",9.81615912757781e-25,-3.15738765784144
"449","ENSG00000240382.3","IGKV1-17",1.00008705153644e-24,-3.4851750160146
"450","ENSG00000280081.3","LINC01667",1.14821934843475e-24,3.96716284508414
"451","ENSG00000205358.3","MT1H",1.19822117553576e-24,-4.26788616723334
"452","ENSG00000239951.1","IGKV3-20",1.24119949506716e-24,-3.66149082303527
"453","ENSG00000240041.1","IGHJ4",1.27605447758091e-24,-3.24593006879619
"454","ENSG00000211660.3","IGLV2-23",1.36198971556898e-24,-3.61608996391167
"455","ENSG00000253931.1","AC105118.1",1.62776066354829e-24,2.72338683268532
"456","ENSG00000285094.1","LINC01488",1.6508113284712e-24,-5.63428901265799
"457","ENSG00000211678.2","IGLJ3",1.73281737196293e-24,-2.86594060751864
"458","ENSG00000156222.11","SLC28A1",2.1622159161241e-24,-2.11728593434455
"459","ENSG00000225765.1","LINC01831",2.26763012803728e-24,-2.53304568926213
"460","ENSG00000224373.3","IGHV4-59",2.31167592397091e-24,-3.80348446005359
"461","ENSG00000135447.16","PPP1R1A",2.55796366350441e-24,-2.20693468067526
"462","ENSG00000211962.2","IGHV1-46",3.0028315137188e-24,-3.28208489713214
"463","ENSG00000211675.2","IGLC1",3.27661686818913e-24,-3.1603072834509
"464","ENSG00000211677.2","IGLC2",3.80613376402035e-24,-3.20541572882662
"465","ENSG00000242076.2","IGKV1-33",4.36128724265631e-24,-3.86174582835175
"466","ENSG00000211599.2","IGKV5-2",5.11045151873712e-24,-2.78293359197525
"467","ENSG00000211659.2","IGLV3-25",6.19720353723245e-24,-3.41318822271111
"468","ENSG00000119888.10","EPCAM",6.30624572946846e-24,-3.50685685973909
"469","ENSG00000211666.2","IGLV2-14",6.54016382942163e-24,-3.37631355972107
"470","ENSG00000253898.1","LINC01419",8.75621612109903e-24,3.76611836316095
"471","ENSG00000211970.3","IGHV4-61",1.27029725654256e-23,-3.74949555512043
"472","ENSG00000211964.3","IGHV3-48",1.32255200289134e-23,-3.49053478144634
"473","ENSG00000242887.1","IGHJ3",1.34278694593839e-23,-2.99428556108623
"474","ENSG00000253883.1","IGHV3-19",1.56991273978128e-23,-3.02940334042094
"475","ENSG00000276566.1","IGKV1D-13",1.86603132015492e-23,-3.43196631111956
"476","ENSG00000211611.2","IGKV6-21",1.93515391552983e-23,-3.28661882595039
"477","ENSG00000231047.1","GCNT1P3",2.42974293624917e-23,-2.30035428152612
"478","ENSG00000248050.1","AC079061.1",2.52101723214409e-23,-2.15027210271313
"479","ENSG00000224960.4","PPP4R3C",2.59684853932702e-23,3.5824894153802
"480","ENSG00000241755.1","IGKV1-9",3.32441551216463e-23,-3.76002882504349
"481","ENSG00000254709.7","IGLL5",3.50520321671461e-23,-3.28251224832481
"482","ENSG00000272405.1","AL365181.3",3.93073182250369e-23,2.65088481045576
"483","ENSG00000250056.5","LINC01018",4.6054928356925e-23,-2.3023395410266
"484","ENSG00000204379.10","XAGE1A",4.80627993315713e-23,4.17167170953817
"485","ENSG00000211594.2","IGKJ4",5.47474176342649e-23,-2.99417243734584
"486","ENSG00000237111.1","IGHJ3P",5.48003489495199e-23,-2.3922930123472
"487","ENSG00000254395.1","IGHV4-55",5.7478173017968e-23,-3.1686389943261
"488","ENSG00000223931.2","AC142381.1",6.4230120586118e-23,-2.93502687254918
"489","ENSG00000211685.3","IGLC7",6.46998973592079e-23,-3.17040334547642
"490","ENSG00000211598.2","IGKV4-1",6.6041675519162e-23,-3.4281684997772
"491","ENSG00000253936.1","IGHV3-63",6.79241623716373e-23,-2.54192931025988
"492","ENSG00000239819.2","IGKV1D-8",7.28981771992477e-23,-3.15647849069244
"493","ENSG00000211649.3","IGLV7-46",8.32446325506298e-23,-3.18800675849371
"494","ENSG00000085552.16","IGSF9",8.49454678679382e-23,-2.0222633752143
"495","ENSG00000253763.1","IGHV3-6",9.62843884425944e-23,-2.62790136459293
"496","ENSG00000211967.3","IGHV3-53",9.77161849788012e-23,-2.95258673803346
"497","ENSG00000172724.11","CCL19",1.0748581431453e-22,-3.36196206936903
"498","ENSG00000211945.2","IGHV1-18",1.13968183482096e-22,-3.5596304644302
"499","ENSG00000232216.1","IGHV3-43",1.46885349794027e-22,-3.17491670449959
"500","ENSG00000233999.3","IGKV3OR2-268",1.55324952310707e-22,-2.82700448514927
"501","ENSG00000164920.9","OSR2",1.83994554856345e-22,2.54111842612302
"502","ENSG00000211676.2","IGLJ2",2.16442250895317e-22,-2.52357980102189
"503","ENSG00000251546.1","IGKV1D-39",2.22628199811854e-22,-3.53428879158734
"504","ENSG00000211679.2","IGLC3",2.46308305198175e-22,-3.27643503959646
"505","ENSG00000211947.2","IGHV3-21",2.51329779333519e-22,-3.64116421117693
"506","ENSG00000198203.9","SULT1C2",2.7653503681776e-22,2.36943315459376
"507","ENSG00000170476.15","MZB1",2.96973048076992e-22,-2.35610347392627
"508","ENSG00000211652.2","IGLV7-43",3.0231706340332e-22,-3.31693977669677
"509","ENSG00000253234.1","IGLV2-5",3.09821263443516e-22,-2.37608963230687
"510","ENSG00000211959.2","IGHV4-39",3.11983615518504e-22,-3.37844452424493
"511","ENSG00000225523.2","IGKV6D-21",3.12550761217915e-22,-3.33732632242272
"512","ENSG00000262095.1","MTATP6P25",3.25637238183237e-22,-2.2911403159867
"513","ENSG00000137731.13","FXYD2",3.33491294967221e-22,-2.48369156784813
"514","ENSG00000280411.1","IGHV1-69D",3.89655000275893e-22,-4.00897709540961
"515","ENSG00000211933.2","IGHV6-1",5.4036214580958e-22,-3.32168826552123
"516","ENSG00000270550.1","IGHV3-30",5.5480189166363e-22,-3.78188838930715
"517","ENSG00000273962.1","IGKV2-40",5.96601592234497e-22,-3.26542189635384
"518","ENSG00000044012.3","GUCA2B",6.2504976021233e-22,-2.03794506462978
"519","ENSG00000167244.19","IGF2",6.46719217959431e-22,-3.33501144275903
"520","ENSG00000198650.10","TAT",6.72132891388058e-22,-2.2242890861883
"521","ENSG00000211897.9","IGHG3",6.83173699695134e-22,-3.03429401271296
"522","ENSG00000253451.1","IGLV2-28",8.30817917453914e-22,-2.05981092777303
"523","ENSG00000188403.7","IGHV1OR15-9",8.52505366226573e-22,-2.38472669483155
"524","ENSG00000196549.10","MME",9.42387539652817e-22,-2.91083084064419
"525","ENSG00000176566.4","DCAF4L2",1.05861288107771e-21,4.04525760880849
"526","ENSG00000211592.8","IGKC",1.20841018912846e-21,-3.32329934603007
"527","ENSG00000226372.3","DCAF8L1",1.52790653623126e-21,2.61184474459451
"528","ENSG00000211956.2","IGHV4-34",1.93860557990533e-21,-2.71396650331666
"529","ENSG00000211639.2","IGLV4-60",2.39805435388753e-21,-2.92559108298084
"530","ENSG00000126562.16","WNK4",2.39887405050406e-21,2.29220799992982
"531","ENSG00000271375.1","AC134879.2",2.39887405050406e-21,-2.39556449206936
"532","ENSG00000133636.10","NTS",3.03153547065073e-21,-2.61600349427061
"533","ENSG00000211662.2","IGLV3-21",3.34022741619794e-21,-3.38453084423569
"534","ENSG00000221867.8","MAGEA3",3.68706334409323e-21,3.84289942108355
"535","ENSG00000197172.10","MAGEA6",3.72952988290505e-21,3.64267689759389
"536","ENSG00000105369.9","CD79A",4.05921043699034e-21,-2.30661551013516
"537","ENSG00000126838.9","PZP",4.30173336076422e-21,-3.54319316586104
"538","ENSG00000176076.7","KCNE5",4.31128602845485e-21,2.02155819518618
"539","ENSG00000158104.11","HPD",5.30286584121523e-21,-2.02892323255339
"540","ENSG00000211905.1","IGHJ1",5.63352653549145e-21,-2.57685809504024
"541","ENSG00000243466.1","IGKV1-5",5.68753344704325e-21,-3.47164035757542
"542","ENSG00000223350.2","IGLV9-49",6.77497470448001e-21,-3.05658251153286
"543","ENSG00000244067.2","GSTA2",7.76913780351037e-21,-2.31753631055913
"544","ENSG00000185615.15","PDIA2",8.39707548403389e-21,2.09016506149908
"545","ENSG00000241351.3","IGKV3-11",8.91870589598164e-21,-3.57729346860232
"546","ENSG00000253274.1","IGHV1-67",9.1661124995476e-21,-2.46924780722209
"547","ENSG00000236459.1","HNRNPA1P22",9.23891268514063e-21,-2.2826822989244
"548","ENSG00000170166.5","HOXD4",9.4245386455119e-21,2.02228705843013
"549","ENSG00000228705.1","LINC00659",9.87807132114458e-21,-2.36361198475104
"550","ENSG00000211949.3","IGHV3-23",1.07284307684419e-20,-3.30806902464393
"551","ENSG00000231487.1","AP006285.2",1.2558096105622e-20,-2.27159806482152
"552","ENSG00000211934.3","IGHV1-2",1.50558411217202e-20,-3.35763811689204
"553","ENSG00000278473.1","IGHV3-41",1.51426540880738e-20,-2.28910151346609
"554","ENSG00000129009.12","ISLR",1.54175135460023e-20,-2.05591825205916
"555","ENSG00000211955.2","IGHV3-33",1.72251135111358e-20,-3.63754070170392
"556","ENSG00000164120.13","HPGD",1.95392110362232e-20,-2.37910076964491
"557","ENSG00000229092.2","IGHV3-47",1.99004377145889e-20,-2.10123700190572
"558","ENSG00000156738.17","MS4A1",1.99436005562688e-20,-2.55047336024055
"559","ENSG00000254056.1","IGHV3-71",2.18666413194493e-20,-2.55033271674646
"560","ENSG00000242534.2","IGKV2D-28",2.32599433557182e-20,-3.37234644828194
"561","ENSG00000243384.1","AC119424.1",3.52890225631033e-20,-2.2508037721854
"562","ENSG00000211896.7","IGHG1",3.59762347544893e-20,-3.45811656867667
"563","ENSG00000270472.2","IGHV3OR16-9",4.15085956510293e-20,-2.75581637723262
"564","ENSG00000256817.1","TPT1P12",4.21705777478257e-20,-2.27007860802523
"565","ENSG00000273036.3","AL390726.5",4.90686241478923e-20,-2.50475427411784
"566","ENSG00000211973.2","IGHV1-69",5.58511557025587e-20,-3.66285155326826
"567","ENSG00000271130.1","IGHV3OR16-8",7.16630990190484e-20,-2.81124585765958
"568","ENSG00000163017.13","ACTG2",7.56053720157963e-20,2.01980160180049
"569","ENSG00000244437.1","IGKV3-15",7.96315451819393e-20,-3.5768705427893
"570","ENSG00000117983.17","MUC5B",8.1521550152603e-20,-3.26411554975375
"571","ENSG00000137673.8","MMP7",8.31170751705432e-20,-2.73725843001549
"572","ENSG00000282639.1","IGHV3-64D",8.95444052350136e-20,-3.35820676860368
"573","ENSG00000253755.1","IGHGP",9.03055986715939e-20,-2.7146678150983
"574","ENSG00000182583.12","VCX",1.09074047349863e-19,2.50347033067464
"575","ENSG00000264781.1","MIR4537",1.36783873689476e-19,-2.2468609424021
"576","ENSG00000109193.11","SULT1E1",1.67534215235617e-19,-2.02230991587437
"577","ENSG00000223648.4","IGHV3-64",2.50170158206572e-19,-2.7903948877004
"578","ENSG00000139329.4","LUM",3.42155581962366e-19,-2.42651076511752
"579","ENSG00000148346.11","LCN2",4.02520393075852e-19,2.66402407404754
"580","ENSG00000166148.3","AVPR1A",4.78772783603013e-19,-2.76672107135323
"581","ENSG00000231475.3","IGHV4-31",6.73165195503489e-19,-3.33422495821949
"582","ENSG00000282600.2","IGHV3-69-1",7.19783496919595e-19,-2.90406763233132
"583","ENSG00000117594.9","HSD11B1",7.41101193266539e-19,-2.09707515544898
"584","ENSG00000211935.3","IGHV1-3",8.0706580495397e-19,-3.09857340366673
"585","ENSG00000181449.3","SOX2",8.17847188268307e-19,2.06865737370245
"586","ENSG00000179674.3","ARL14",8.90545977423396e-19,-2.33096692300816
"587","ENSG00000133055.8","MYBPH",1.06269471775618e-18,-2.77816843887638
"588","ENSG00000187664.8","HAPLN4",1.07540894671557e-18,-2.28399814575668
"589","ENSG00000262003.1","AC087392.1",1.20292864687423e-18,-2.36358980969012
"590","ENSG00000213886.3","UBD",1.45741836454784e-18,2.04783729619299
"591","ENSG00000155495.8","MAGEC1",1.738067841933e-18,2.83543154010946
"592","ENSG00000280655.1","AC134981.1",2.31271807885731e-18,-2.33770529145547
"593","ENSG00000272620.1","AFAP1-AS1",2.68491570602113e-18,2.1393215396974
"594","ENSG00000276775.1","IGHV4-4",2.91221162312183e-18,-3.43109484253668
"595","ENSG00000214822.8","KRT16P3",3.46380811274835e-18,-2.54691400791991
"596","ENSG00000106483.11","SFRP4",3.91312294179474e-18,2.0148601043729
"597","ENSG00000162391.11","FAM151A",4.13624209045937e-18,-2.42861567033984
"598","ENSG00000211633.3","IGKV1D-42",6.07763015044481e-18,-2.06477760842644
"599","ENSG00000206047.2","DEFA1",8.08430464134036e-18,-2.57917405265042
"600","ENSG00000272068.1","AL365181.2",8.81401041799039e-18,2.0873451181622
"601","ENSG00000204949.8","FAM83A-AS1",1.06584209724964e-17,-2.82455788780533
"602","ENSG00000259337.4","IGHV1OR15-2",1.14280713427053e-17,-2.05567970584438
"603","ENSG00000254174.1","IGHV1-12",1.34258749226643e-17,-2.05256777337323
"604","ENSG00000253998.3","IGKV2-29",1.49442628170562e-17,-3.35037765857734
"605","ENSG00000261704.2","IGHV1OR16-1",1.68579003858473e-17,-2.23175330237774
"606","ENSG00000119508.17","NR4A3",2.64483553589406e-17,-2.06245704693948
"607","ENSG00000156885.5","COX6A2",3.20965044352632e-17,-2.15531853877107
"608","ENSG00000282122.1","IGHV7-4-1",3.60619719350276e-17,-3.26395295956656
"609","ENSG00000163993.6","S100P",3.89266478082012e-17,2.70155116882418
"610","ENSG00000257453.1","AC011611.3",6.91016497871682e-17,-2.50588164139084
"611","ENSG00000164825.3","DEFB1",7.05605720841252e-17,-2.14517265219786
"612","ENSG00000240671.4","IGKV1-8",1.21185555442843e-16,-3.57399645473486
"613","ENSG00000163739.4","CXCL1",1.24396471058583e-16,-2.06031061051901
"614","ENSG00000107317.12","PTGDS",1.34217702462321e-16,-2.03846892507258
"615","ENSG00000171431.3","KRT20",1.50822363222457e-16,2.1542839733164
"616","ENSG00000259680.5","AC136428.1",1.6349281894211e-16,-2.28375053480805
"617","ENSG00000237592.2","IGKV1OR10-1",1.8518442419487e-16,-2.39350850033261
"618","ENSG00000221932.6","HEPN1",2.67961228358931e-16,-3.13598108605971
"619","ENSG00000213401.9","MAGEA12",1.15506892904254e-15,2.36624270376144
"620","ENSG00000224287.2","MSL3P1",1.2441143300971e-15,2.04152534647976
"621","ENSG00000211974.3","IGHV2-70D",1.78184583054215e-15,-2.37817251019151
"622","ENSG00000282815.1","TEX13C",1.86696299077559e-15,2.02665095642681
"623","ENSG00000233377.1","MTND4P20",2.84385557783533e-15,-2.19879998084565
"624","ENSG00000282651.2","IGHV5-10-1",4.4778735759691e-15,-3.09184870828364
"625","ENSG00000226733.3","AL138826.1",5.14485400663324e-15,-2.11233958957502
"626","ENSG00000139515.5","PDX1",5.77043503442712e-15,-2.33971357292169
"627","ENSG00000148795.6","CYP17A1",7.84946357568031e-15,2.14848546621964
"628","ENSG00000170373.8","CST1",8.77983957690358e-15,2.23735413565868
"629","ENSG00000138079.13","SLC3A1",1.05676592404345e-14,-2.01706873058963
"630","ENSG00000242371.1","IGKV1-39",1.15722417795215e-14,-3.04352719602231
"631","ENSG00000096088.16","PGC",2.04031058587429e-14,2.60410026056619
"632","ENSG00000242580.1","IGKV1D-43",3.43454801301251e-14,-2.38995723624298
"633","ENSG00000173702.7","MUC13",3.64151337349374e-14,2.35474842606472
"634","ENSG00000140465.13","CYP1A1",3.6445478657321e-14,-2.18062873518038
"635","ENSG00000168065.15","SLC22A11",6.50146769982994e-14,2.06897275563913
"636","ENSG00000224041.3","IGKV3D-15",1.03720079755857e-13,-2.69346132335734
"637","ENSG00000108602.17","ALDH3A1",1.05083284063125e-13,2.52934455246155
"638","ENSG00000112818.9","MEP1A",1.06765851706205e-13,2.42280484155436
"639","ENSG00000198930.12","CSAG1",1.39408851480359e-13,2.37075455900631
"640","ENSG00000109205.16","ODAM",1.55821355659264e-13,2.29101528838416
"641","ENSG00000110244.6","APOA4",1.77510371882744e-13,-2.82280798674031
"642","ENSG00000262406.2","MMP12",2.7988498901431e-13,2.00630672061097
"643","ENSG00000278263.2","AC135068.2",2.93932316113046e-13,-2.28997786874585
"644","ENSG00000118785.13","SPP1",3.52615966453768e-13,2.0200567198933
"645","ENSG00000147573.16","TRIM55",3.85391719350996e-13,2.02934358952873
"646","ENSG00000101204.16","CHRNA4",4.42402885271776e-13,-3.46777774335033
"647","ENSG00000107984.9","DKK1",1.01280256446511e-12,2.06407372231247
"648","ENSG00000197891.11","SLC22A12",1.1721986409557e-12,2.45760494346126
"649","ENSG00000211638.2","IGLV8-61",1.41295430817764e-12,-3.40734690014437
"650","ENSG00000189064.8","GAGE2A",2.97204863373469e-12,2.03102647696836
"651","ENSG00000126890.13","CTAG2",5.4749839393733e-12,2.37771921484221
"652","ENSG00000101951.16","PAGE4",9.53001766313109e-12,2.34969133012738
"653","ENSG00000172016.15","REG3A",1.92366764710458e-11,2.81693904288963
"654","ENSG00000236362.8","GAGE12F",9.07651705096187e-11,2.19680413457272
"655","ENSG00000139219.18","COL2A1",3.83926682966712e-10,2.05575713229203
"656","ENSG00000251039.2","IGKV2D-40",1.13697407564699e-09,-2.34655278273939
"657","ENSG00000215695.1","RSC1A1",5.86912953635099e-06,-2.12723849790807
